session_id,player_id,player_index,source_label,split,engagement_index,tick,t,view_yaw,view_pitch,replay_x,replay_y,crosshair_to_victim_yaw,crosshair_to_victim_pitch,yaw_delta,pitch_delta,angular_speed,angular_acceleration,angular_jerk,target_error,target_error_delta,target_error_improvement,on_target_soft,on_target_tight,on_target_dwell_ms,lock_indicator,lock_dwell_ms,heading_change,curvature,view_straightness,stability_score,yaw_reversal,pitch_reversal,direction_entropy_short,micro_correction_score,angular_speed_autocorr_short,fire_input,fire_on_target,time_since_fire_ms,fire_motion_coupling,last_fire_interval_ms,last_stabilization_to_fire_ms,flick_event,flick_magnitude,time_since_flick_ms,snap_indicator,aim_efficiency,label_cheat
L08436_E17,L08436,8436,legit,test,17,0,-5.0,9.947999954223633,0.33500000834465027,1.05,0.04065552191285983,-70.83399963378906,-3.062000036239624,9.947999954223633,0.33500000834465027,9.953638937334643,0.0,0.0,70.90015055231943,0.0,0.0,0.0,0.0,0.0,0.0,0.0,0.0,0.0,0.5,0.0,0.0,0.0,1.0,0.08,0.5,0.0,0.0,10031.25,0.0,1000.0,1000.0,0.0,0.0,10031.25,0.0,0.0,0
L08436_E17,L08436,8436,legit,test,17,1,-4.96875,16.677000045776367,-0.08199998736381531,1.05,0.027332651246630965,-77.71700286865234,-2.197000026702881,6.729000091552734,-0.4169999957084656,6.741908574620214,-3.2117303627144294,-3.2117303627144294,77.74805041930922,6.847899866989792,0.0,0.0,0.0,0.0,0.0,0.0,0.09555381708619279,0.01417311077843792,0.5,0.0,0.0,1.0,1.0,0.08,0.5,0.0,0.0,10062.5,0.0,1000.0,1000.0,0.0,0.0,10062.5,0.0,0.0,0
L08436_E17,L08436,8436,legit,test,17,2,-4.9375,18.182000041007996,-0.4989999830722809,1.05,0.0140097805804021,-79.375,-1.3830000162124634,1.5049999952316284,-0.4169999957084656,1.5617022706226888,-5.180206303997525,-1.9684759412830957,79.38704752064308,1.6389971013338567,0.0,0.0,0.0,0.0,0.0,0.0,0.20840417814888523,0.13344680485467272,0.9966903900683293,0.0,0.0,0.0,0.3060986113514965,0.38044966008361203,0.5,0.0,0.0,10093.75,0.0,1000.0,1000.0,0.0,0.0,10093.75,0.0,0.0,0
L08436_E17,L08436,8436,legit,test,17,3,-4.90625,14.710000157356262,-0.7079999893903732,1.05,0.0073323703116411985,-76.05500030517578,-0.8270000219345093,-3.4719998836517334,-0.20900000631809235,3.4782846626920305,1.9165823920693417,7.0967886960668665,76.05949645150544,-3.327551069137641,3.327551069137641,0.0,0.0,0.0,0.0,0.0,2.811173742380009,0.8082069223754365,0.41376059486475686,0.0,1.0,0.0,0.5,2.0731524535041927,0.7562136993906144,0.0,0.0,10125.0,0.0,1000.0,1000.0,0.0,11.574169848105926,10125.0,0.0,0.9563894282116634,0
L08436_E17,L08436,8436,legit,test,17,4,-4.875,5.432000279426575,-0.8339999914169312,0.9955571224233923,0.003306754608474593,-66.927001953125,-0.4050000011920929,-9.277999877929688,-0.12600000202655792,9.278855410845347,5.800570748153317,3.883988356083975,66.92822734418239,-9.13126910732305,9.13126910732305,0.0,0.0,0.0,0.0,0.0,0.04654362816468405,0.005016095854913608,0.22149489301797268,0.0,0.0,0.0,0.5073093649624542,2.3850689700597654,0.511855065600739,0.0,0.0,10156.25,0.0,1000.0,1000.0,1.0,84.72772576436944,0.0,1.0,0.9839882954050507,0
L08436_E17,L08436,8436,legit,test,17,5,-4.84375,-5.812999606132507,-0.7079999893903732,0.6362869050160002,0.0073323703116411985,-55.83300018310547,-0.2849999964237213,-11.244999885559082,0.12600000202655792,11.245705777172656,1.966850366327309,-3.8337203818260077,55.833727570749,-11.094499773433391,11.094499773433391,0.0,0.0,0.0,0.0,0.0,0.024784190055763735,0.0022038803563643353,0.48892618573088015,0.0,0.0,1.0,0.6394319446848298,2.2068464289526233,0.6662405009456315,0.0,0.0,10187.5,0.0,1000.0,1000.0,1.0,124.76548019694062,0.0,1.0,0.9864666146021002,0
L08436_E17,L08436,8436,legit,test,17,6,-4.8125,-17.853999972343445,-0.37299998104572296,0.25158500520304056,0.018035396283568705,-43.939998626708984,-0.421999990940094,-12.041000366210938,0.33500000834465027,12.045659584459576,0.7999538072869203,-1.1668965590403886,43.942025025111676,-11.891702545637322,11.891702545637322,0.0,0.0,0.0,0.0,0.0,0.01660992294226693,0.0013789135269683223,0.627050424841569,0.0,0.0,0.0,0.6500706883049158,2.0464674603808133,0.7623381763534154,0.0,0.0,10218.75,0.0,1000.0,1000.0,1.0,143.24340074439854,0.0,1.0,0.9871369288942015,0
L08436_E17,L08436,8436,legit,test,17,7,-4.78125,-29.390000224113464,-0.20799997448921204,-0.116982479069467,0.023307036019546482,-32.553001403808594,-0.4390000104904175,-11.53600025177002,0.16500000655651093,11.53718019322753,-0.5084793912320471,-1.3084331985189674,32.555961380453425,-11.38606364465825,11.38606364465825,0.0,0.0,0.0,0.0,0.0,0.013512357992482738,0.001171201087802604,0.7039227565516982,0.0,0.0,0.0,0.6352130207431887,1.9198211157393086,0.8030710668923171,0.0,0.0,10250.0,0.0,1000.0,1000.0,1.0,131.36306795997922,0.0,1.0,0.9868162443278043,0
L08436_E17,L08436,8436,legit,test,17,8,-4.75,-37.08000028133392,-0.12599997222423553,-0.36267283216306256,0.025926881189929963,-25.009000778198242,-0.421999990940094,-7.690000057220459,0.0820000022649765,7.690437235971835,-3.846742957255694,-3.338263566023647,25.01256092278985,-7.5434004576635765,7.5434004576635765,0.0,0.0,0.0,0.0,0.0,0.003639281278591256,0.0004732216344694428,0.7397052008976189,0.0,0.0,0.0,0.612197222702993,1.8946571963862304,0.7803097139238517,0.0,0.0,10281.25,0.0,1000.0,1000.0,1.0,58.01204776546295,0.0,1.0,0.9807530408470461,0
L08436_E17,L08436,8436,legit,test,17,9,-4.71875,-42.72100007534027,-0.08199997246265411,-0.5428989987271322,0.027332651722713087,-19.513999938964844,-0.414000004529953,-5.640999794006348,0.04399999976158142,5.641171392180765,-2.04926584379107,1.7974771134646241,19.518391061295773,-5.4941698614940755,5.4941698614940755,0.0,0.0,0.0,0.0,0.0,0.0028629175367935744,0.0005075040869635459,0.7609067043819903,0.0,0.0,0.0,0.5869880158145605,1.8124956615575543,0.7789420771604587,0.0,0.0,10312.5,0.0,1000.0,1000.0,0.0,30.993553846442136,31.25,0.0,0.9737686928667572,0
L08436_E17,L08436,8436,legit,test,17,10,-4.6875,-46.0660001039505,-0.16399997472763062,-0.6497695100421068,0.024712806552329606,-16.31399917602539,-0.32600000500679016,-3.3450000286102295,-0.0820000022649765,3.3460049599147177,-2.2951664322660474,-0.24590058847497742,16.317256053596193,-3.2011350076995804,3.2011350076995804,0.0,0.0,0.0,0.0,0.0,0.03230916956956634,0.009656043537481734,0.7719251465142771,0.0,0.0,0.0,0.5966430251033331,1.7420771182377097,0.7940843616572588,0.0,0.0,10343.75,0.0,1000.0,1000.0,0.0,10.711013613119434,62.5,0.0,0.9564177663427024,0
L08436_E17,L08436,8436,legit,test,17,11,-4.65625,-46.11000010371208,-0.20799997448921204,-0.6511752805748899,0.023307036019546482,-16.413999557495117,-0.3240000009536743,-0.04399999976158142,-0.04399999976158142,0.062225396407241396,-3.2837795635074762,-0.9886131312414288,16.417197004180338,0.09994095058414487,0.0,0.0,0.0,0.0,0.0,0.0,0.7608889849949652,12.227949180351349,0.7718752192085451,0.0,0.0,0.0,0.6848617231125997,1.7028816914770943,0.8308677054290199,0.0,0.0,10375.0,0.0,1000.0,1000.0,0.0,0.0,93.75,0.0,0.0,0
L08436_E17,L08436,8436,legit,test,17,12,-4.625,-46.11000010371208,-0.20799997448921204,-0.6511752805748899,0.023307036019546482,-16.558000564575195,-0.41200000047683716,0.0,0.0,0.0,-0.062225396407241396,3.221554167100235,16.563125511112492,0.14592850693215453,0.0,0.0,0.0,0.0,0.0,0.0,2.3561943765559676,23561.943765559674,0.9529483869127475,0.0,0.0,0.0,0.711312522031639,1.8483665882820224,0.8726883253818154,0.0,0.0,10406.25,0.0,1000.0,1000.0,0.0,0.0,125.0,0.0,0.0,0
L08436_E17,L08436,8436,legit,test,17,13,-4.59375,-46.11000010371208,-0.20799997448921204,-0.6511752805748899,0.023307036019546482,-16.701000213623047,-0.5479999780654907,0.0,0.0,0.0,0.0,0.062225396407241396,16.709988393514724,0.14686288240223178,0.0,0.0,0.0,0.0,0.0,0.0,0.0,0.0,0.9994890689803454,0.0,0.0,0.0,0.7186560340486358,1.7418806585836915,0.913202062531277,0.0,0.0,10437.5,0.0,1000.0,1000.0,0.0,0.0,156.25,0.0,0.0,0
L08436_E17,L08436,8436,legit,test,17,14,-4.5625,-46.11000010371208,-0.20799997448921204,-0.6511752805748899,0.023307036019546482,-16.843000411987305,-0.7289999723434448,0.0,0.0,0.0,0.0,0.0,16.858769345295677,0.14878095178095307,0.0,0.0,0.0,0.0,0.0,0.0,0.0,0.0,0.9995861031863142,0.0,0.0,0.0,0.7186560340486358,1.7255322116247143,0.9261145363176806,0.0,0.0,10468.75,0.0,1000.0,1000.0,0.0,0.0,187.5,0.0,0.0,0
L08436_E17,L08436,8436,legit,test,17,15,-4.53125,-46.11000010371208,-0.20799997448921204,-0.6511752805748899,0.023307036019546482,-16.986000061035156,-0.9570000171661377,0.0,0.0,0.0,0.0,0.0,17.012937638936503,0.15416829364082574,0.0,0.0,0.0,0.0,0.0,0.0,0.0,0.0,0.9995620810054021,0.0,0.0,0.0,0.6890104983858615,1.1730987891764388,0.9693890338224322,0.0,0.0,10500.0,0.0,1000.0,1000.0,0.0,0.0,218.75,0.0,0.0,0
L08436_E17,L08436,8436,legit,test,17,16,-4.5,-46.11000010371208,-0.20799997448921204,-0.6511752805748899,0.023307036019546482,-17.128999710083008,-1.2309999465942383,0.0,0.0,0.0,0.0,0.0,17.17317652435154,0.16023888541503695,0.0,0.0,0.0,0.0,0.0,0.0,0.0,0.0,0.9994401062473518,0.0,0.0,0.0,0.6030666775659372,1.1102204531154467,0.9764492208587819,0.0,0.0,10531.25,0.0,1000.0,1000.0,0.0,0.0,250.0,0.0,0.0,0
L08436_E17,L08436,8436,legit,test,17,17,-4.46875,-46.11000010371208,-0.20799997448921204,-0.6511752805748899,0.023307036019546482,-17.27199935913086,-1.5499999523162842,0.0,0.0,0.0,0.0,0.0,17.341408873387344,0.16823234903580442,0.0,0.0,0.0,0.0,0.0,0.0,0.0,0.0,0.9992737107759496,0.0,0.0,0.0,0.575798891191493,1.0891324922244365,0.9795909091040546,0.0,0.0,10562.5,0.0,1000.0,1000.0,0.0,0.0,281.25,0.0,0.0,0
L08436_E17,L08436,8436,legit,test,17,18,-4.4375,-46.11000010371208,-0.20799997448921204,-0.6511752805748899,0.023307036019546482,-17.415000915527344,-1.9149999618530273,0.0,0.0,0.0,0.0,0.0,17.519973793979126,0.17856492059178208,0.0,0.0,0.0,0.0,0.0,0.0,0.0,0.0,0.9988148568875516,0.0,0.0,0.0,0.5248058090468195,1.09759006966968,0.9843197045811674,0.0,0.0,10593.75,0.0,1000.0,1000.0,0.0,0.0,312.5,0.0,0.0,0
L08436_E17,L08436,8436,legit,test,17,19,-4.40625,-45.94000010192394,-0.25199997425079346,-0.6457438943389402,0.02190126548676336,-17.72599983215332,-2.2799999713897705,0.17000000178813934,-0.04399999976158142,0.1756018239853634,0.1756018239853634,0.1756018239853634,17.872030380430672,0.35205658645154614,0.0,0.0,0.0,0.0,0.0,0.0,0.253265748095805,1.4422728781958152,0.9605303285261495,0.0,0.0,0.0,0.6107496298667435,1.012092152704918,0.9652699323266878,0.0,0.0,10625.0,0.0,1000.0,1000.0,0.0,0.0,343.75,0.0,0.0,0
L08436_E17,L08436,8436,legit,test,17,20,-4.375,-46.193000093102455,-0.33399997651576996,-0.6538270746644022,0.019281420316379878,-17.60099983215332,-2.6510000228881836,-0.2529999911785126,-0.0820000022649765,0.26595675570999056,0.09035493172462716,-0.08524689226073623,17.799522359120044,-0.07250802131062883,0.07250802131062883,0.0,0.0,0.0,0.0,0.0,2.574899553465059,9.681647479084262,0.9042400050266362,0.0,1.0,0.0,0.6403951655295181,1.2377329835177717,0.9240606077001619,0.0,0.0,10656.25,0.0,1000.0,1000.0,0.0,0.019283998110725703,375.0,0.0,0.271609613766052,0
L08436_E17,L08436,8436,legit,test,17,21,-4.34375,-47.36300005018711,-0.37199997529387474,-0.6912077899357518,0.01806734579780005,-16.54400062561035,-3.1089999675750732,-1.1699999570846558,-0.03799999877810478,1.1706168884332877,0.9046601327232972,0.81430520099867,16.8335925309655,-0.9659298281545432,0.9659298281545432,0.0,0.0,0.0,0.0,0.0,0.2809601320573516,0.24001031834879702,0.784503032794073,0.0,0.0,0.0,0.6403951655295181,1.1992314358774556,0.4971650485056383,0.0,0.0,10687.5,0.0,1000.0,1000.0,0.0,1.1307337698791717,406.25,0.0,0.8244417076013698,0
L08436_E17,L08436,8436,legit,test,17,22,-4.3125,-49.20300008356571,-0.37199997529387474,-0.749994559055285,0.01806734579780005,-14.751999855041504,-3.3970000743865967,-1.840000033378601,0.0,1.840000033378601,0.6693831449453134,-0.23527698777798378,15.138068213234048,-1.6955243177314525,1.6955243177314525,0.0,0.0,0.0,0.0,0.0,0.03246721997157767,0.017645227925328612,0.8972153383365231,0.0,0.0,0.0,0.6403951655295181,0.9877610721929702,0.9627079419584275,0.0,0.0,10718.75,0.0,1000.0,1000.0,0.0,3.1197648012201022,437.5,0.0,0.9209800581153865,0
L08436_E17,L08436,8436,legit,test,17,23,-4.28125,-51.49900008738041,-0.37199997529387474,-0.8233502219216939,0.01806734579780005,-12.423999786376953,-3.3940000534057617,-2.2960000038146973,0.0,2.2960000038146973,0.4559999704360962,-0.21338317450921718,12.8792471462587,-2.2588210669753472,2.2588210669753472,0.0,0.0,0.0,0.0,0.0,0.0,0.0,0.9379488943753069,0.0,0.0,0.0,0.6403951655295181,0.9960093355368066,0.9755970175703342,0.0,0.0,10750.0,0.0,1000.0,1000.0,0.0,5.186253178392116,468.75,0.0,0.9833787824223139,0
L08436_E17,L08436,8436,legit,test,17,24,-4.25,-53.17400003969669,-0.37199997529387474,-0.8768653489248388,0.01806734579780005,-10.687999725341797,-3.3959999084472656,-1.6749999523162842,0.0,1.6749999523162842,-0.6210000514984131,-1.0770000219345093,11.21455097215578,-1.6646961741029198,1.6646961741029198,0.0,0.0,0.0,0.0,0.0,0.0,0.0,0.9518707266377808,0.0,0.0,0.0,0.6403951655295181,0.8202376724355211,0.9460149448755504,0.0,0.0,10781.25,0.0,1000.0,1000.0,0.0,2.7883660122434915,500.0,0.0,0.9932555020674422,0
L08436_E17,L08436,8436,legit,test,17,25,-4.21875,-53.92700006067753,-0.37199997529387474,-0.9009231954342881,0.01806734579780005,-9.847999572753906,-3.3989999294281006,-0.753000020980835,0.0,0.753000020980835,-0.9219999313354492,-0.30099987983703613,10.41807545111924,-0.7964755210365411,0.7964755210365411,0.0,0.0,0.0,0.0,0.0,0.0,0.0,0.9562808603178777,0.0,0.0,0.0,0.563130582247696,0.852823468769144,0.9123490147517326,0.0,0.0,10812.5,0.0,1000.0,1000.0,0.0,0.5997460840512369,531.25,0.0,1.056333552882999,0
L08436_E17,L08436,8436,legit,test,17,26,-4.1875,-54.009000062942505,-0.37199997529387474,-0.9035430406046716,0.01806734579780005,-9.609000205993652,-3.4000000953674316,-0.0820000022649765,0.0,0.0820000022649765,-0.6710000187158585,0.25099991261959076,10.192785959063626,-0.2252894920556141,0.2252894920556141,0.0,0.0,0.0,0.0,0.0,0.0,0.0,0.9567128100025024,0.0,0.0,0.0,0.575798891191493,0.8660364555531517,0.8914555740005811,0.0,0.0,10843.75,0.0,1000.0,1000.0,0.0,0.018473738858835763,562.5,0.0,2.7143311555146723,0
L08436_E17,L08436,8436,legit,test,17,27,-4.15625,-54.009000062942505,-0.37199997529387474,-0.9035430406046716,0.01806734579780005,-9.38599967956543,-3.3989999294281006,0.0,0.0,0.0,-0.0820000022649765,0.589000016450882,9.982494202605608,-0.2102917564580178,0.2102917564580178,0.0,0.0,0.0,0.0,0.0,3.141592653589793,31415.92653589793,0.9567128100025024,0.0,0.0,0.0,0.575798891191493,1.21687073986296,0.8903326865512253,0.0,0.0,10875.0,0.0,1000.0,1000.0,0.0,0.0,593.75,0.0,210.29175645801777,0
L08436_E17,L08436,8436,legit,test,17,28,-4.125,-54.009000062942505,-0.37199997529387474,-0.9035430406046716,0.01806734579780005,-9.11299991607666,-3.3989999294281006,0.0,0.0,0.0,0.0,0.0820000022649765,9.726251487118018,-0.2562427154875895,0.2562427154875895,0.0,0.0,0.0,0.0,0.0,0.0,0.0,0.9567128100025024,0.0,0.0,0.0,0.575798891191493,1.21687073986296,0.8903326865512253,0.0,0.0,10906.25,0.0,1000.0,1000.0,0.0,0.0,625.0,0.0,256.24271548758946,0
L08436_E17,L08436,8436,legit,test,17,29,-4.09375,-54.009000062942505,-0.37199997529387474,-0.9035430406046716,0.01806734579780005,-8.800999641418457,-3.3989999294281006,0.0,0.0,0.0,0.0,0.0,9.434553259614365,-0.2916982275036535,0.2916982275036535,0.0,0.0,0.0,0.0,0.0,0.0,0.0,0.9567128100025024,0.0,0.0,0.0,0.575798891191493,1.21687073986296,0.8903326865512253,0.0,0.0,10937.5,0.0,1000.0,1000.0,0.0,0.0,656.25,0.0,291.69822750365347,0
L08436_E17,L08436,8436,legit,test,17,30,-4.0625,-53.96500006318092,-0.37199997529387474,-0.9021372700718885,0.01806734579780005,-8.494000434875488,-3.3970000743865967,0.04399999976158142,0.0,0.04399999976158142,0.04399999976158142,0.04399999976158142,9.14809558832042,-0.2864576712939453,0.2864576712939453,0.0,0.0,0.0,0.0,0.0,0.0,0.0,0.9876114395164697,0.0,0.0,0.0,0.575798891191493,1.2160991661332803,0.8926280636674799,0.0,0.0,10968.75,0.0,1000.0,1000.0,0.0,0.012604137468636761,687.5,0.0,6.36572606248117,0
L08436_E17,L08436,8436,legit,test,17,31,-4.03125,-53.674000054597855,-0.33399997651576996,-0.8928400146327441,0.019281420316379878,-8.397000312805176,-3.434000015258789,0.29100000858306885,0.03799999877810478,0.2934706201691783,0.24947062040759688,0.20547062064601546,9.07204333973596,-0.07605224858446036,0.07605224858446036,0.0,0.0,0.0,0.0,0.0,0.12984943242222108,0.4424614373573961,0.9174539692049275,0.0,0.0,0.0,0.575798891191493,1.2206858170739414,0.8917620516778284,0.0,0.0,11000.0,0.0,1000.0,1000.0,0.0,0.022319100557342094,718.75,0.0,0.25826769591060417,0
L08436_E17,L08436,8436,legit,test,17,32,-4.0,-51.91600003838539,-0.25199997425079346,-0.8366730911596765,0.02190126548676336,-9.736000061035156,-3.5139999389648438,1.7580000162124634,0.0820000022649765,1.7599113777047064,1.466440757535528,1.2169701371279311,10.35074358486005,1.2787002451240905,0.0,0.0,0.0,0.0,0.0,0.0,0.08323930121956415,0.047297439106351855,0.520917544630191,0.0,0.0,0.0,0.575798891191493,1.0514381480926027,0.8563724377714654,0.0,0.0,11031.25,0.0,1000.0,1000.0,0.0,0.0,750.0,0.0,0.0,0
L08436_E17,L08436,8436,legit,test,17,33,-3.96875,-48.24100008606911,-0.20799997448921204,-0.719259303229239,0.023307036019546482,-12.968999862670898,-3.555000066757202,3.674999952316284,0.04399999976158142,3.6752633442385743,1.9153519665338679,0.4489112089983398,13.447415473339161,3.0966718884791113,0.0,0.0,0.0,0.0,0.0,0.0,0.034637914070436385,0.009424607388946852,0.0922499109199221,0.0,0.0,0.0,0.47718676142777183,1.1095113742842906,0.8562870702528267,0.0,0.0,11062.5,0.0,1000.0,1000.0,0.0,0.0,781.25,0.0,0.0,0
L08436_E17,L08436,8436,legit,test,17,34,-3.9375,-43.76399984955788,-0.25199997425079346,-0.576222143187119,0.02190126548676336,-16.98900032043457,-3.509000062942505,4.4770002365112305,-0.04399999976158142,4.477216447492865,0.801953103254291,-1.1133988632795768,17.347599641721516,3.9001841683823546,0.0,0.0,0.0,0.0,0.0,0.0,0.021799909955797316,0.004869076626394676,0.6062707541975773,0.0,0.0,0.0,0.5248058090468195,1.1148337164157007,0.9171502898044459,0.0,0.0,11093.75,0.0,1000.0,1000.0,0.0,0.0,812.5,0.0,0.0,0
L08436_E17,L08436,8436,legit,test,17,35,-3.90625,-40.67099991440773,-0.8339999914169312,-0.4774028661349703,0.003306754608474593,-19.611000061035156,-2.9240000247955322,3.0929999351501465,-0.5820000171661377,3.1472801938849035,-1.3299362536079617,-2.131889356862253,19.827786047335824,2.480186405614308,0.0,0.0,0.0,0.0,0.0,0.0,0.17616436919101405,0.05597352581867276,0.8791039971262202,0.0,0.0,0.0,0.47718676142777183,1.1363579481474013,0.9139694296290419,0.0,0.0,11125.0,0.0,1000.0,1000.0,0.0,0.0,843.75,0.0,0.0,0
L08436_E17,L08436,8436,legit,test,17,36,-3.875,-39.500999957323074,-1.5040000081062317,-0.4400221508636206,-0.01809929733538042,-20.301000595092773,-2.252000093460083,1.1699999570846558,-0.6700000166893005,1.3482581065737225,-1.799022087311181,-0.4690858337032193,20.425526421194174,0.5977403738583504,0.0,0.0,0.0,0.0,0.0,0.0,0.33407403804754576,0.24778196134604785,0.9759192814726623,0.0,0.0,0.0,0.49753802267237524,1.1669878667759341,0.895648768643529,0.0,0.0,11156.25,0.0,1000.0,1000.0,0.0,0.0,875.0,0.0,0.0,0
L08436_E17,L08436,8436,legit,test,17,37,-3.84375,-39.500999957323074,-1.5040000081062317,-0.4400221508636206,-0.01809929733538042,-19.80699920654297,-2.247999906539917,0.0,0.0,0.0,-1.3482581065737225,0.4507639807374586,19.934159654918922,-0.49136676627525233,0.49136676627525233,0.0,0.0,0.0,0.0,0.0,0.5200661000621366,5200.661000621366,0.9868905337151821,0.0,0.0,0.0,0.4712665215352267,1.180284587276873,0.8832127624167492,0.0,0.0,11187.5,0.0,1000.0,1000.0,0.0,0.0,906.25,0.0,491.3667662752523,0
L08436_E17,L08436,8436,legit,test,17,38,-3.8125,-39.500999957323074,-1.5040000081062317,-0.4400221508636206,-0.01809929733538042,-19.29599952697754,-2.242000102996826,0.0,0.0,0.0,0.0,1.3482581065737225,19.425811751557646,-0.5083479033612761,0.5083479033612761,0.0,0.0,0.0,0.0,0.0,0.0,0.0,0.9868905337151821,0.0,0.0,0.0,0.42901800937290907,1.180208930040845,0.883698273898967,0.0,0.0,11218.75,0.0,1000.0,1000.0,0.0,0.0,937.5,0.0,508.3479033612761,0
L08436_E17,L08436,8436,legit,test,17,39,-3.78125,-39.500999957323074,-1.5040000081062317,-0.4400221508636206,-0.01809929733538042,-18.770000457763672,-2.2290000915527344,0.0,0.0,0.0,0.0,0.0,18.90188769918472,-0.5239240523729265,0.5239240523729265,0.0,0.0,0.0,0.0,0.0,0.0,0.0,0.9868905337151821,0.0,0.0,0.0,0.36497143947069915,0.488013965727933,0.883698273898967,0.0,0.0,11250.0,0.0,1000.0,1000.0,0.0,0.0,968.75,0.0,523.9240523729264,0
L08436_E17,L08436,8436,legit,test,17,40,-3.75,-39.500999957323074,-1.5040000081062317,-0.4400221508636206,-0.01809929733538042,-18.23200035095215,-2.2160000801086426,0.0,0.0,0.0,0.0,0.0,18.366177967997608,-0.5357097311871115,0.5357097311871115,0.0,0.0,0.0,0.0,0.0,0.0,0.0,0.9868905337151821,0.0,0.0,0.0,0.24986508575316002,0.488013965727933,0.883698273898967,0.0,0.0,11281.25,0.0,1000.0,1000.0,0.0,0.0,1000.0,0.0,535.7097311871115,0
L08436_E17,L08436,8436,legit,test,17,41,-3.71875,-39.500999957323074,-1.5040000081062317,-0.4400221508636206,-0.01809929733538042,-17.695999145507812,-2.2039999961853027,0.0,0.0,0.0,0.0,0.0,17.8327227797944,-0.5334551882032095,0.5334551882032095,0.0,0.0,0.0,0.0,0.0,0.0,0.0,0.9868603947979314,0.0,0.0,0.0,0.24986508575316002,0.48798782147580144,0.883951713487741,0.0,0.0,11312.5,0.0,1000.0,1000.0,0.0,0.0,1031.25,0.0,533.4551882032094,0
L08436_E17,L08436,8436,legit,test,17,42,-3.6875,-39.500999957323074,-1.5040000081062317,-0.4400221508636206,-0.01809929733538042,-17.222000122070312,-2.2019999027252197,0.0,0.0,0.0,0.0,0.0,17.36220296437614,-0.4705198154182568,0.4705198154182568,0.0,0.0,0.0,0.0,0.0,0.0,0.0,0.9870405502343997,0.0,0.0,0.0,0.24986508575316002,0.48712150055350145,0.8861819608029108,0.0,0.0,11343.75,0.0,1000.0,1000.0,0.0,0.0,1062.5,0.0,470.5198154182568,0
L08436_E17,L08436,8436,legit,test,17,43,-3.65625,-39.500999957323074,-1.5040000081062317,-0.4400221508636206,-0.01809929733538042,-16.73900032043457,-2.2019999027252197,0.0,0.0,0.0,0.0,0.0,16.883214602056995,-0.47898836231914643,0.47898836231914643,0.0,0.0,0.0,0.0,0.0,0.0,0.0,0.9865553432812316,0.0,0.0,0.0,0.24986508575316002,0.4581053171710911,0.9099958053572663,0.0,0.0,11375.0,0.0,1000.0,1000.0,0.0,0.0,1093.75,0.0,478.9883623191464,0
L08436_E17,L08436,8436,legit,test,17,44,-3.625,-39.500999957323074,-1.5040000081062317,-0.4400221508636206,-0.01809929733538042,-16.246999740600586,-2.2009999752044678,0.0,0.0,0.0,0.0,0.0,16.39540793825898,-0.48780666379801474,0.48780666379801474,0.0,0.0,0.0,0.0,0.0,0.0,0.0,0.9847104689703531,0.0,0.0,0.0,0.24986508575316002,0.3882889274792737,0.9463805978666728,0.0,0.0,11406.25,0.0,1000.0,1000.0,0.0,0.0,1125.0,0.0,487.8066637980147,0
L08436_E17,L08436,8436,legit,test,17,45,-3.59375,-39.500999957323074,-1.5040000081062317,-0.4400221508636206,-0.01809929733538042,-15.777999877929688,-2.2039999961853027,0.0,0.0,0.0,0.0,0.0,15.931192552070106,-0.46421538618887404,0.46421538618887404,0.0,0.0,0.0,0.0,0.0,0.0,0.0,0.9883238278583789,0.0,0.0,0.0,0.24986508575316002,0.3659148163228215,0.9717138766020834,0.0,0.0,11437.5,0.0,1000.0,1000.0,0.0,0.0,1156.25,0.0,464.21538618887405,0
L08436_E17,L08436,8436,legit,test,17,46,-3.5625,-39.500999957323074,-1.5040000081062317,-0.4400221508636206,-0.01809929733538042,-15.345000267028809,-2.2100000381469727,0.0,0.0,0.0,0.0,0.0,15.503326525740333,-0.4278660263297738,0.4278660263297738,0.0,0.0,0.0,0.0,0.0,0.0,0.0,1.0,0.0,0.0,0.0,0.24986508575316002,0.34883262861381314,0.9567575851426642,0.0,0.0,11468.75,0.0,1000.0,1000.0,0.0,0.0,1187.5,0.0,427.8660263297738,0
L08436_E17,L08436,8436,legit,test,17,47,-3.53125,-38.33100000023842,-1.4220000058412552,-0.40264143559227095,-0.01547945216499694,-16.1299991607666,-2.2980000972747803,1.1699999570846558,0.0820000022649765,1.1728699416173782,1.1728699416173782,1.1728699416173782,16.29287198051363,0.7895454547732985,0.0,0.0,0.0,0.0,0.0,0.0,0.06997105834071325,0.0596579858157365,1.0,0.0,0.0,0.0,0.24986508575316002,0.3237962476951924,0.45,0.0,0.0,11500.0,0.0,1000.0,1000.0,0.0,0.0,1218.75,0.0,0.0,0
L08436_E17,L08436,8436,legit,test,17,48,-3.5,-35.61700001358986,-1.086999997496605,-0.3159309531405044,-0.004776426193069433,-18.46500015258789,-2.6389999389648438,2.7139999866485596,0.33500000834465027,2.734597033041486,1.5617270914241077,0.3888571498067295,18.652628536292873,2.359756555779242,0.0,0.0,0.0,0.0,0.0,0.0,0.05284178067620471,0.019323425001098894,0.9997067486105103,0.0,0.0,0.0,0.19722425952744246,0.3026628867116502,0.9566631399721505,0.0,0.0,11531.25,0.0,1000.0,1000.0,0.0,0.0,1250.0,0.0,0.0,0
L08436_E17,L08436,8436,legit,test,17,49,-3.46875,-33.150999933481216,-0.8779999911785126,-0.23714390165773508,0.0019009840756914688,-20.551000595092773,-2.8589999675750732,2.4660000801086426,0.20900000631809235,2.474840883316904,-0.25975614972458194,-1.8214832411486896,20.748915785507872,2.096287249214999,0.0,0.0,0.0,0.0,0.0,0.0,0.03826225991301414,0.015460492903177345,0.999760891775003,0.0,0.0,0.0,0.1237441088802919,0.18908029703777424,0.9200542291092827,0.0,0.0,11562.5,0.0,1000.0,1000.0,0.0,0.0,1281.25,0.0,0.0,0
L08436_E17,L08436,8436,legit,test,17,50,-3.4375,-31.645999938249588,-0.9599999934434891,-0.18906015946229365,-0.0007188610946920125,-21.674999237060547,-2.7869999408721924,1.5049999952316284,-0.0820000022649765,1.5072322269705678,-0.9676086563463362,-0.7078525066217543,21.853442763029282,1.1045269775214095,0.0,0.0,0.0,0.0,0.0,0.0,0.13898181093036158,0.0922099517535565,0.9980068331256278,0.0,0.0,1.0,0.1237441088802919,0.23604871679830378,0.8991978790298947,0.0,0.0,11593.75,0.0,1000.0,1000.0,0.0,0.0,1312.5,0.0,0.0,0
L08436_E17,L08436,8436,legit,test,17,51,-3.40625,-31.14099994301796,-1.1689999997615814,-0.17292574773049854,-0.007396271363452914,-21.79599952697754,-2.5889999866485596,0.5049999952316284,-0.20900000631809235,0.5465400239917543,-0.9606922029788135,0.006916453367522668,21.94922587042357,0.09578310739428986,0.0,0.0,0.0,0.0,0.0,0.0,0.33796721824988335,0.6183759714091539,0.9917768958836306,0.0,0.0,0.0,0.19722425952744246,0.3114266803559907,0.8740714569279484,0.0,0.0,11625.0,0.0,1000.0,1000.0,0.0,0.0,1343.75,0.0,0.0,0
L08436_E17,L08436,8436,legit,test,17,52,-3.375,-31.14099994301796,-1.1689999997615814,-0.17292574773049854,-0.007396271363452914,-21.410999298095703,-2.5989999771118164,0.0,0.0,0.0,-0.5465400239917543,0.41415217898705925,21.568163849156978,-0.38106202126659383,0.38106202126659383,0.0,0.0,0.0,0.0,0.0,0.39239845007634117,3923.9845007634117,0.9917768958836306,0.0,0.0,0.0,0.19722425952744246,0.3540166907662171,0.8637084029664548,0.0,0.0,11656.25,0.0,1000.0,1000.0,0.0,0.0,1375.0,0.0,381.06202126659383,0
L08436_E17,L08436,8436,legit,test,17,53,-3.34375,-31.14099994301796,-1.1689999997615814,-0.17292574773049854,-0.007396271363452914,-21.023000717163086,-2.6059999465942383,0.0,0.0,0.0,0.0,0.5465400239917543,21.18390414620234,-0.38425970295463685,0.38425970295463685,0.0,0.0,0.0,0.0,0.0,0.0,0.0,0.9917768958836306,0.0,0.0,0.0,0.19722425952744246,0.3540166907662171,0.8637084029664548,0.0,0.0,11687.5,0.0,1000.0,1000.0,0.0,0.0,1406.25,0.0,384.25970295463685,0
L08436_E17,L08436,8436,legit,test,17,54,-3.3125,-31.14099994301796,-1.1689999997615814,-0.17292574773049854,-0.007396271363452914,-20.631000518798828,-2.61299991607666,0.0,0.0,0.0,0.0,0.0,20.795815708168174,-0.3880884380341669,0.3880884380341669,0.0,0.0,0.0,0.0,0.0,0.0,0.0,0.9917768958836306,0.0,0.0,0.0,0.19722425952744246,0.3540166907662171,0.8637084029664549,0.0,0.0,11718.75,0.0,1000.0,1000.0,0.0,0.0,1437.5,0.0,388.0884380341669,0
L08436_E17,L08436,8436,legit,test,17,55,-3.28125,-31.14099994301796,-1.1689999997615814,-0.17292574773049854,-0.007396271363452914,-20.27899932861328,-2.617000102996826,0.0,0.0,0.0,0.0,0.0,20.447163698395514,-0.3486520097726604,0.3486520097726604,0.0,0.0,0.0,0.0,0.0,0.0,0.0,0.9917768958836306,0.0,0.0,0.0,0.19722425952744246,0.3540166907662171,0.8637084029664549,0.0,0.0,11750.0,0.0,1000.0,1000.0,0.0,0.0,1468.75,0.0,348.6520097726604,0
L08436_E17,L08436,8436,legit,test,17,56,-3.25,-31.14099994301796,-1.1689999997615814,-0.17292574773049854,-0.007396271363452914,-19.833999633789062,-2.625,0.0,0.0,0.0,0.0,0.0,20.006952953239647,-0.44021074515586633,0.44021074515586633,0.0,0.0,0.0,0.0,0.0,0.0,0.0,0.9917768958836306,0.0,0.0,0.0,0.19722425952744246,0.35401669076621706,0.8637084029664549,0.0,0.0,11781.25,0.0,1000.0,1000.0,0.0,0.0,1500.0,0.0,440.21074515586633,0
L08436_E17,L08436,8436,legit,test,17,57,-3.21875,-31.102999944239855,-1.1689999997615814,-0.17171167321191871,-0.007396271363452914,-19.4689998626709,-2.625999927520752,0.03799999877810478,0.0,0.03799999877810478,0.03799999877810478,0.03799999877810478,19.64530048820884,-0.36165246503080795,0.36165246503080795,0.0,0.0,0.0,0.0,0.0,0.0,0.0,0.991810190727057,0.0,0.0,0.0,0.19722425952744246,0.35404084691338666,0.863328579690763,0.0,0.0,11812.5,0.0,1000.0,1000.0,0.0,0.013742793229269284,1531.25,0.0,9.273140419528561,0
L08436_E17,L08436,8436,legit,test,17,58,-3.1875,-30.932999942451715,-1.086999997496605,-0.16628028697596897,-0.004776426193069433,-19.233999252319336,-2.7090001106262207,0.17000000178813934,0.0820000022649765,0.18874321439305713,0.15074321561495235,0.11274321683684757,19.423836099946726,-0.22146438826211323,0.22146438826211323,0.0,0.0,0.0,0.0,0.0,0.4494305411457676,2.3811745634989023,0.9887352588091213,0.0,0.0,0.0,0.19722425952744246,0.356327089025387,0.8960731600634403,0.0,0.0,11843.75,0.0,1000.0,1000.0,0.0,0.04179990051418329,1562.5,0.0,1.1671794902944197,0
L08436_E17,L08436,8436,legit,test,17,59,-3.15625,-30.38899991288781,-0.9989999979734421,-0.14889985025919844,-0.0019648851275031846,-19.371000289916992,-2.796999931335449,0.5440000295639038,0.08799999952316284,0.5510717122858012,0.3623284978927441,0.21158528227779172,19.57188955742022,0.14805345747349463,0.0,0.0,0.0,0.0,0.0,0.0,0.2890551094887799,0.5245326570834176,0.9853597592873847,0.0,0.0,0.0,0.19722425952744246,0.2937525998737861,0.960924833631183,0.0,0.0,11875.0,0.0,1000.0,1000.0,0.0,0.0,1593.75,0.0,0.0,0
L08436_E17,L08436,8436,legit,test,17,60,-3.125,-29.806999895721674,-0.9169999957084656,-0.13030533938090968,0.0006549600428802966,-19.545000076293945,-2.88100004196167,0.5820000171661377,0.0820000022649765,0.587748262739109,0.036676550453307755,-0.3256519474394363,19.75619369271605,0.18430413529582879,0.0,0.0,0.0,0.0,0.0,0.0,0.02040330512307109,0.03471436058013115,0.9780343320598187,0.0,0.0,0.0,0.19722425952744246,0.29682031509051104,0.9429933573053948,0.0,0.0,11906.25,0.0,1000.0,1000.0,0.0,0.0,1625.0,0.0,0.0,0
L08436_E17,L08436,8436,legit,test,17,61,-3.09375,-29.092999909073114,-0.7909999936819077,-0.1074935178564358,0.004680575746046902,-19.849000930786133,-3.009999990463257,0.7139999866485596,0.12600000202655792,0.725032400272454,0.137284137533345,0.10060758708003725,20.075929315798497,0.3197356230824475,0.0,0.0,0.0,0.0,0.0,0.0,0.03470007603023598,0.04786003496836323,0.970214621483412,0.0,0.0,0.0,0.19722425952744246,0.27414070304363514,0.8116528287254903,0.0,0.0,11937.5,0.0,1000.0,1000.0,0.0,0.0,1656.25,0.0,0.0,0
L08436_E17,L08436,8436,legit,test,17,62,-3.0625,-28.383999917656183,-0.7089999914169312,-0.08484144283193386,0.007300420916430383,-20.145999908447266,-3.0980000495910645,0.7089999914169312,0.0820000022649765,0.7137261296888776,-0.011306270583576361,-0.14859040811692137,20.38280934067783,0.30688002487933375,0.0,0.0,0.0,0.0,0.0,0.0,0.05952792827640212,0.08340444016299516,0.9967157598108107,0.0,0.0,0.0,0.19722425952744246,0.23290990760868785,0.8756653446154585,0.0,0.0,11968.75,0.0,1000.0,1000.0,0.0,0.0,1687.5,0.0,0.0,0
L08436_E17,L08436,8436,legit,test,17,63,-3.03125,-27.50499990954995,-0.6269999891519547,-0.05675798109540006,0.009920266086813864,-20.61199951171875,-3.186000108718872,0.8790000081062317,0.0820000022649765,0.8828165237591623,0.1690903940702847,0.18039666465386106,20.856776370375425,0.47396702969759374,0.0,0.0,0.0,0.0,0.0,0.0,0.02212565837414733,0.025062578439212974,0.9970265381104467,0.0,0.0,0.0,0.19722425952744246,0.19410487610833949,0.9736822150928275,0.0,0.0,12000.0,0.0,1000.0,1000.0,0.0,0.0,1718.75,0.0,0.0,0
L08436_E17,L08436,8436,legit,test,17,64,-3.0,-26.296999964863062,-0.5009999871253967,-0.018163191662532146,0.01394588178998047,-21.408000946044922,-3.311000108718872,1.2079999446868896,0.12600000202655792,1.2145533610649724,0.33173683730581005,0.16264644323552535,21.662530466817504,0.8057540964420795,0.0,0.0,0.0,0.0,0.0,0.0,0.01091021623631408,0.008982903992581713,0.9975826529689377,0.0,0.0,0.0,0.1237441088802919,0.17560522920397037,0.9776516566623741,0.0,0.0,12031.25,0.0,1000.0,1000.0,0.0,0.0,1750.0,0.0,0.0,0
L08436_E17,L08436,8436,legit,test,17,65,-2.96875,-25.582999978214502,-0.4189999848604202,0.004648629861941746,0.01656572696036395,-21.70800018310547,-3.3940000534057617,0.7139999866485596,0.0820000022649765,0.7186932456240279,-0.49586011544094444,-0.8275969527467545,21.971720649785837,0.309190182968333,0.0,0.0,0.0,0.0,0.0,0.0,0.010416144869485194,0.014493172063195127,0.9978630593334503,0.0,0.0,0.0,-0.0,0.20156599315390442,0.9253127826252253,0.0,0.0,12062.5,0.0,1000.0,1000.0,0.0,0.0,1781.25,0.0,0.0,0
L08436_E17,L08436,8436,legit,test,17,66,-2.9375,-25.126999977976084,-0.4189999848604202,0.01921752456098178,0.01656572696036395,-21.749000549316406,-3.3929998874664307,0.4560000002384186,0.0,0.4560000002384186,-0.26269324538560934,0.2331668700553351,22.012075620679493,0.04035497089365592,0.0,0.0,0.0,0.0,0.0,0.0,0.11434497701940244,0.2507565284202136,0.9973998632715975,0.0,0.0,0.0,-0.0,0.20586467003172912,0.8987851556480875,0.0,0.0,12093.75,0.0,1000.0,1000.0,0.0,0.0,1812.5,0.0,0.0,0
L08436_E17,L08436,8436,legit,test,17,67,-2.90625,-24.621999982744455,-0.4189999848604202,0.035351936292776893,0.01656572696036395,-21.839000701904297,-3.3940000534057617,0.5049999952316284,0.0,0.5049999952316284,0.04899999499320984,0.3116932403788192,22.101158069664464,0.08908244898497131,0.0,0.0,0.0,0.0,0.0,0.0,0.0,0.0,0.9970547860425686,0.0,0.0,0.0,-0.0,0.2057557667138578,0.8747347062675741,0.0,0.0,12125.0,0.0,1000.0,1000.0,0.0,0.0,1843.75,0.0,0.0,0
L08436_E17,L08436,8436,legit,test,17,68,-2.875,-24.165999982506037,-0.4189999848604202,0.049920830991816934,0.01656572696036395,-21.878000259399414,-3.3959999084472656,0.4560000002384186,0.0,0.4560000002384186,-0.04899999499320984,-0.09799998998641968,22.140002500642467,0.03884443097800272,0.0,0.0,0.0,0.0,0.0,0.0,0.0,0.0,0.9968626942142831,0.0,0.0,0.0,-0.0,0.20623287994889428,0.8265825301760018,0.0,0.0,12156.25,0.0,1000.0,1000.0,0.0,0.0,1875.0,0.0,0.0,0
L08436_E17,L08436,8436,legit,test,17,69,-2.84375,-23.66099998727441,-0.4189999848604202,0.06605524272361205,0.01656572696036395,-21.940000534057617,-3.3959999084472656,0.5049999952316284,0.0,0.5049999952316284,0.04899999499320984,0.09799998998641968,22.20127110803844,0.06126860739597362,0.0,0.0,0.0,0.0,0.0,0.0,0.0,0.0,0.9982195474939138,0.0,0.0,0.0,-0.0,0.20544932711240066,0.7567259171452873,0.0,0.0,12187.5,0.0,1000.0,1000.0,0.0,0.0,1906.25,0.0,0.0,0
L08436_E17,L08436,8436,legit,test,17,70,-2.8125,-22.990999970585108,-0.5449999868869781,0.08746129466746706,0.012540111257197346,-22.141000747680664,-3.2699999809265137,0.6700000166893005,-0.12600000202655792,0.6817448370720204,0.17674484184039196,0.12774484684718213,22.38117096990359,0.17989986186514884,0.0,0.0,0.0,0.0,0.0,0.0,0.185888583581774,0.27266592055193883,0.9953806173271839,0.0,0.0,0.0,0.1237441088802919,0.15149371897579145,0.7490193643303928,0.0,0.0,12218.75,0.0,1000.0,1000.0,0.0,0.0,1937.5,0.0,0.0,0
L08436_E17,L08436,8436,legit,test,17,71,-2.78125,-22.19999996200204,-0.6269999891519547,0.11273321533843461,0.009920266086813864,-22.437999725341797,-3.187999963760376,0.7910000085830688,-0.0820000022649765,0.7952389665690881,0.11349412949706772,-0.06325071234332424,22.66334431286289,0.2821733429593003,0.0,0.0,0.0,0.0,0.0,0.0,0.0825913179644042,0.10385723214838079,0.9946066404650448,0.0,0.0,0.0,0.19722425952744246,0.11995532445705026,0.7414008448158397,0.0,0.0,12250.0,0.0,1000.0,1000.0,0.0,0.0,1968.75,0.0,0.0,0
L08436_E17,L08436,8436,legit,test,17,72,-2.75,-21.589999947696924,-0.7199999913573265,0.1322223073782977,0.006948978283234602,-22.636999130249023,-3.0940001010894775,0.6100000143051147,-0.09300000220537186,0.617048634924703,-0.17819033164438514,-0.29168446114145286,22.84746301558308,0.18411870272019115,0.0,0.0,0.0,0.0,0.0,0.0,0.047996713742582534,0.07778432853747333,0.994369625308319,0.0,0.0,0.0,0.24986508575316002,0.12042883073263073,0.7352533709680822,0.0,0.0,12281.25,0.0,1000.0,1000.0,0.0,0.0,2000.0,0.0,0.0,0
L08436_E17,L08436,8436,legit,test,17,73,-2.71875,-21.441999945789576,-0.7579999901354313,0.13695080834785586,0.005734903764654776,-22.378000259399414,-3.055999994277954,0.14800000190734863,-0.03799999877810478,0.15280052510286463,-0.46424810982183834,-0.2860577781774532,22.585704141662422,-0.2617588739206589,0.2617588739206589,0.0,0.0,0.0,0.0,0.0,0.10003377767566562,0.6546690700723923,0.9938834906117475,0.0,0.0,0.0,0.28770685618887704,0.13287342402033603,0.7198065876192461,0.0,0.0,12312.5,0.0,1000.0,1000.0,0.0,0.039996893385411215,2031.25,0.0,1.701937452720592,0
L08436_E17,L08436,8436,legit,test,17,74,-2.6875,-21.348999943584204,-0.8509999923408031,0.13992209615143514,0.002763615961075514,-22.08099937438965,-2.9630000591278076,0.09300000220537186,-0.09300000220537186,0.13152186441956462,-0.021278660683300005,0.4429694491385383,22.27891161439866,-0.30679252726376305,0.30679252726376305,0.0,0.0,0.0,0.0,0.0,0.5340703525983937,4.060696333308272,0.988204662271069,0.0,0.0,0.0,0.3134286528902104,0.2186209618413574,0.7992482319923022,0.0,0.0,12343.75,0.0,1000.0,1000.0,0.0,0.040349925175720225,2062.5,0.0,2.315033286073134,0
L08436_E17,L08436,8436,legit,test,17,75,-2.65625,-21.200999941676855,-0.938999991863966,0.1446505971209933,-4.7925104490734586e-05,-21.865999221801758,-2.875,0.14800000190734863,-0.08799999952316284,0.17218594739598195,0.040664082976417326,0.06194274365971733,22.05419567719111,-0.22471593720754868,0.22471593720754868,0.0,0.0,0.0,0.0,0.0,0.24896268975251692,1.445894357336658,0.9852740937518935,0.0,0.0,0.0,0.32840937867808384,0.2138096605998535,0.8317350955024101,0.0,0.0,12375.0,0.0,1000.0,1000.0,0.0,0.03869292654305776,2093.75,0.0,1.2975414032510715,0
L08436_E17,L08436,8436,legit,test,17,76,-2.625,-21.06899994239211,-0.9989999905228615,0.14886790871934266,-0.001964884889462123,-21.660999298095703,-2.815000057220459,0.13199999928474426,-0.05999999865889549,0.14499655047703702,-0.027189396918944925,-0.06785347989536225,21.843148031230612,-0.2110476459604982,0.2110476459604982,0.0,0.0,0.0,0.0,0.0,0.1098079616723513,0.7573143037616021,0.9856139840850976,0.0,0.0,0.0,0.33333333333333337,0.19848692503694204,0.8449110750566379,0.0,0.0,12406.25,0.0,1000.0,1000.0,0.0,0.030601180650571214,2125.0,0.0,1.445565975846071,0
L08436_E17,L08436,8436,legit,test,17,77,-2.59375,-21.013999942690134,-1.0319999903440475,0.15062512188532157,-0.003019212789049466,-21.4060001373291,-2.7820000648498535,0.054999999701976776,-0.032999999821186066,0.06414047049574649,-0.08085607998129053,-0.05366668306234561,21.58602247381759,-0.2571255574130227,0.2571255574130227,0.0,0.0,0.0,0.0,0.0,0.11379196184754714,1.7741055057445099,0.9840858666666358,0.0,0.0,0.0,0.32840937867808384,0.19105449154691395,0.8815540688284104,0.0,0.0,12437.5,0.0,1000.0,1000.0,0.0,0.016492154228952352,2156.25,0.0,3.9472474708301704,0
L08436_E17,L08436,8436,legit,test,17,78,-2.5625,-20.88199994340539,-1.0869999900460243,0.15484243348367094,-0.004776425955028371,-21.256000518798828,-2.7269999980926514,0.13199999928474426,-0.054999999701976776,0.14299999922513962,0.07885952872939313,0.15971560871068366,21.430214349016047,-0.15580812480154194,0.15580812480154194,0.0,0.0,0.0,0.0,0.0,0.14562832725310826,1.0183799163790945,0.9833085279134207,0.0,0.0,0.0,0.3134286528902104,0.19155145550557912,0.8904738631515228,0.0,0.0,12468.75,0.0,1000.0,1000.0,0.0,0.022280561725890952,2187.5,0.0,1.082000872499594,0
L08436_E17,L08436,8436,legit,test,17,79,-2.53125,-20.661999944597483,-1.0869999900460243,0.16187128614758656,-0.004776425955028371,-21.20800018310547,-2.7279999256134033,0.2199999988079071,0.0,0.2199999988079071,0.07699999958276749,-0.0018595291466256408,21.382732644840985,-0.04748170417506259,0.04748170417506259,0.0,0.0,0.0,0.0,0.0,0.3947910928035824,1.7945049770127228,0.9833026839643328,0.0,0.0,0.0,0.3134286528902104,0.20359289712299078,0.8892340508700918,0.0,0.0,12500.0,0.0,1000.0,1000.0,0.0,0.010445974861911168,2218.75,0.0,0.21484934131756997,0
L08436_E17,L08436,8436,legit,test,17,80,-2.5,-20.45299993827939,-1.0319999903440475,0.16854869641634748,-0.003019212789049466,-21.152000427246094,-2.7829999923706055,0.20900000631809235,0.054999999701976776,0.21611571578249483,-0.0038842830254122718,-0.08088428260817976,21.334296590976553,-0.04843605386443173,0.04843605386443173,0.0,0.0,0.0,0.0,0.0,0.2573236944216547,1.190675529958371,0.978210376126315,0.0,0.0,0.0,0.3134286528902104,0.19665839350158504,0.8891377960380118,0.0,0.0,12531.25,0.0,1000.0,1000.0,0.0,0.010467792450591137,2250.0,0.0,0.2230886589202721,0
L08436_E17,L08436,8436,legit,test,17,81,-2.46875,-20.30499993637204,-0.9389999881386757,0.17327719738590563,-4.792498547020377e-05,-21.033000946044922,-2.877000093460083,0.14800000190734863,0.09300000220537186,0.1747941674506743,-0.04132154833182053,-0.03743726530640826,21.228854381103467,-0.10544220987308606,0.10544220987308606,0.0,0.0,0.0,0.0,0.0,0.3037013031555342,1.7374796172259956,0.9586490624366142,0.0,0.0,0.0,0.3134286528902104,0.18465929258966615,0.8948356808543267,0.0,0.0,12562.5,0.0,1000.0,1000.0,0.0,0.01843068328892535,2281.25,0.0,0.5998049389361673,0
L08436_E17,L08436,8436,legit,test,17,82,-2.4375,-20.21199993416667,-0.8679999858140945,0.1762484851894849,0.0022204775517174966,-20.840999603271484,-2.9489998817443848,0.09300000220537186,0.07100000232458115,0.11700427658974563,-0.05778989086092867,-0.016468342529108143,21.048607193020885,-0.180247188082582,0.180247188082582,0.0,0.0,0.0,0.0,0.0,0.09102286413992011,0.77794476230194,0.9298602650104806,0.0,0.0,0.0,0.3134286528902104,0.18593182403112699,0.8783170101654513,0.0,0.0,12593.75,0.0,1000.0,1000.0,0.0,0.021089691848938327,2312.5,0.0,1.5274631843151791,0
L08436_E17,L08436,8436,legit,test,17,83,-2.40625,-20.085999932140112,-0.7749999836087227,0.1802741008926515,0.005191765355296758,-20.66900062561035,-3.0420000553131104,0.12600000202655792,0.09300000220537186,0.15660460057383938,0.039600323984093744,0.09739021484502242,20.891657454544053,-0.15694973847683258,0.15694973847683258,0.0,0.0,0.0,0.0,0.0,0.016209472468306618,0.10350572338814415,0.888871501800217,0.0,0.0,0.0,0.3134286528902104,0.19093432325975443,0.5353744527461064,0.0,0.0,12625.0,0.0,1000.0,1000.0,0.0,0.024579051104332915,2343.75,0.0,0.9958449049417184,0
L08436_E17,L08436,8436,legit,test,17,84,-2.375,-20.008999932557344,-0.7199999839067459,0.18273419932502197,0.006948978521275664,-20.43600082397461,-3.0940001010894775,0.07699999958276749,0.054999999701976776,0.09462557742473035,-0.061979023149109025,-0.10157934713320277,20.66888885022687,-0.22276860431718148,0.22276860431718148,0.0,0.0,0.0,0.0,0.0,0.015588964691037321,0.1647436677830317,0.8767665195859912,0.0,0.0,0.0,0.32840937867808384,0.16714570795689102,0.6183005942085904,0.0,0.0,12656.25,0.0,1000.0,1000.0,0.0,0.021079607815614576,2375.0,0.0,2.329592252580426,0
L08436_E17,L08436,8436,legit,test,17,85,-2.34375,-19.97099993377924,-0.6979999840259552,0.1839482738436018,0.007651863787667226,-20.150999069213867,-3.111999988555908,0.03799999877810478,0.02199999988079071,0.04390899568301188,-0.05071658174171847,0.011262441407390557,20.38988247676357,-0.27900637346330015,0.27900637346330015,0.0,0.0,0.0,0.0,0.0,0.09545375542229684,2.1738997655832812,0.8960120592606987,0.0,0.0,0.0,0.33333333333333337,0.16782233447885955,0.6975944064717753,0.0,0.0,12687.5,0.0,1000.0,1000.0,0.0,0.012250889647932847,2406.25,0.0,6.212705700048472,0
L08436_E17,L08436,8436,legit,test,17,86,-2.3125,-19.82299993187189,-0.6429999843239784,0.18867677481315998,0.009409076953646131,-19.96299934387207,-3.1649999618530273,0.14800000190734863,0.054999999701976776,0.15788920334143383,0.11398020765842196,0.16469678940014043,20.212337013862754,-0.17754546290081663,0.17754546290081663,0.0,0.0,0.0,0.0,0.0,0.1689901775922928,1.070308634256981,0.9193472809047118,0.0,0.0,0.0,0.32840937867808384,0.13049401881792194,0.6445853007457988,0.0,0.0,12718.75,0.0,1000.0,1000.0,0.0,0.028032511694296033,2437.5,0.0,1.117416785829637,0
L08436_E17,L08436,8436,legit,test,17,87,-2.28125,-19.580999933183193,-0.5719999819993973,0.19640851274346716,0.011677479490833831,-19.85700035095215,-3.2339999675750732,0.24199999868869781,0.07100000232458115,0.2522003166045203,0.09431111326308647,-0.019669094395335485,20.11862864928893,-0.09370836457382481,0.09370836457382481,0.0,0.0,0.0,0.0,0.0,0.07042534169607839,0.279243668859122,0.9437726861330581,0.0,0.0,0.0,0.3134286528902104,0.13145621217585107,0.6507325566143185,0.0,0.0,12750.0,0.0,1000.0,1000.0,0.0,0.02363327921401043,2468.75,0.0,0.3700957638224054,0
L08436_E17,L08436,8436,legit,test,17,88,-2.25,-19.228999935090542,-0.4789999797940254,0.20765467700573215,0.014648767294413093,-19.850000381469727,-3.325000047683716,0.35199999809265137,0.09300000220537186,0.36407828700353134,0.11187797039901104,0.01756685713592457,20.126553119236412,0.007924469947482748,0.0,0.0,0.0,0.0,0.0,0.0,0.02707782463653352,0.07437363227395893,0.9631368563426081,0.0,0.0,0.0,0.28770685618887704,0.1359026777411022,0.7911026113815156,0.0,0.0,12781.25,0.0,1000.0,1000.0,0.0,0.0,2500.0,0.0,0.0,0
L08436_E17,L08436,8436,legit,test,17,89,-2.21875,-18.673999927937984,-0.36899998039007187,0.22538655564157528,0.018163193626370904,-20.035999298095703,-3.433000087738037,0.5550000071525574,0.10999999940395355,0.5657959064965109,0.20171761949297956,0.08983964909396852,20.327979670289444,0.2014265510530322,0.0,0.0,0.0,0.0,0.0,0.0,0.0626398728057652,0.11071107458807938,0.9825604418399781,0.0,0.0,0.0,0.24986508575316002,0.14250503267573011,0.9117504836002095,0.0,0.0,12812.5,0.0,1000.0,1000.0,0.0,0.0,2531.25,0.0,0.0,0
L08436_E17,L08436,8436,legit,test,17,90,-2.1875,-18.096999906003475,-0.2919999808073044,0.2438213200198921,0.02062329205874137,-20.233999252319336,-3.503999948501587,0.5770000219345093,0.07699999958276749,0.582115130578282,0.01631922408177111,-0.18539839541120845,20.53515866464047,0.20717899435102538,0.0,0.0,0.0,0.0,0.0,0.0,0.06299740781229961,0.10822156048360575,0.9854116913071935,0.0,0.0,0.0,0.19722425952744246,0.14401616109082296,0.9407296464689898,0.0,0.0,12843.75,0.0,1000.0,1000.0,0.0,0.0,2562.5,0.0,0.0,0
L08436_E17,L08436,8436,legit,test,17,91,-2.15625,-17.387999914586544,-0.19899997860193253,0.26647339504439405,0.023594579862320633,-20.554000854492188,-3.5889999866485596,0.7089999914169312,0.09300000220537186,0.7150734145802147,0.13295828400193266,0.11663905992016155,20.86499154159016,0.3298328769496912,0.0,0.0,0.0,0.0,0.0,0.0,0.002239003014148921,0.003131151247544747,0.9851397755327115,0.0,0.0,0.0,0.1237441088802919,0.11909174375106396,0.9634607610492665,0.0,0.0,12875.0,0.0,1000.0,1000.0,0.0,0.0,2593.75,0.0,0.0,0
L08436_E17,L08436,8436,legit,test,17,92,-2.125,-16.700999937951565,-0.1829999778419733,0.28842258432642226,0.024105769174019163,-20.843000411987305,-3.5969998836517334,0.6869999766349792,0.01600000075995922,0.6871862687225209,-0.027887145857693807,-0.16084542985962647,21.15110101949999,0.28610947790982877,0.0,0.0,0.0,0.0,0.0,0.0,0.10714058427648701,0.1559119981772356,0.9855362197059139,0.0,0.0,0.0,-0.0,0.10561416609744254,0.9676210437992114,0.0,0.0,12906.25,0.0,1000.0,1000.0,0.0,0.0,2625.0,0.0,0.0,0
L08436_E17,L08436,8436,legit,test,17,93,-2.09375,-16.348999939858913,-0.19899997860193253,0.29966874858868725,0.023594579862320633,-20.791000366210938,-3.572000026702881,0.35199999809265137,-0.01600000075995922,0.35236344685785054,-0.33482282186467033,-0.3069356760069765,21.095612823962917,-0.05548819553707318,0.05548819553707318,0.0,0.0,0.0,0.0,0.0,0.06870873783509585,0.19499394289559815,0.9870740276688958,0.0,0.0,0.0,0.1237441088802919,0.08646857491441365,0.9156774949100499,0.0,0.0,12937.5,0.0,1000.0,1000.0,0.0,0.019552011839365505,2656.25,0.0,0.15702867976436374,0
L08436_E17,L08436,8436,legit,test,17,94,-2.0625,-15.97499992698431,-0.22099997848272324,0.311617798593426,0.02289169459592907,-20.753999710083008,-3.5409998893737793,0.37400001287460327,-0.02199999988079071,0.3746465128957671,0.022283066037916577,0.3571058879025869,21.053911374912516,-0.041701449050400186,0.041701449050400186,0.0,0.0,0.0,0.0,0.0,0.013332538279486501,0.03558698084878702,0.9900421140492248,0.0,0.0,0.0,0.19722425952744246,0.08788636459632065,0.9082517508227428,0.0,0.0,12968.75,0.0,1000.0,1000.0,0.0,0.015623302469432929,2687.5,0.0,0.11101247481025156,0
L08436_E17,L08436,8436,legit,test,17,95,-2.03125,-15.699999921023846,-0.22099997848272324,0.32040386466136156,0.02289169459592907,-20.613000869750977,-3.5320000648498535,0.2750000059604645,0.0,0.2750000059604645,-0.09964650693530264,-0.12192957297321921,20.913412665427273,-0.140498709485243,0.140498709485243,0.0,0.0,0.0,0.0,0.0,0.058755818812719615,0.21365751832444208,0.992572389507431,0.0,0.0,0.0,0.19722425952744246,0.08679175284522649,0.8944004161017418,0.0,0.0,13000.0,0.0,1000.0,1000.0,0.0,0.03863714594587939,2718.75,0.0,0.5090532842429312,0
L08436_E17,L08436,8436,legit,test,17,96,-2.0,-15.567999921739101,-0.22099997848272324,0.32462117625971093,0.02289169459592907,-20.325000762939453,-3.5230000019073486,0.13199999928474426,0.0,0.13199999928474426,-0.14300000667572021,-0.04335349974041758,20.628067893695924,-0.2853447717313493,0.2853447717313493,0.0,0.0,0.0,0.0,0.0,0.0,0.0,0.9933639331511248,0.0,0.0,0.0,0.19722425952744246,0.0902573557326491,0.8671240307720259,0.0,0.0,13031.25,0.0,1000.0,1000.0,0.0,0.037665509664443625,2750.0,0.0,2.145449423051837,0
L08436_E17,L08436,8436,legit,test,17,97,-1.96875,-15.419999919831753,-0.19899997860193253,0.32934967722926906,0.023594579862320633,-20.049999237060547,-3.5350000858306885,0.14800000190734863,0.02199999988079071,0.14962620278323577,0.017626203498491505,0.16062621017421172,20.359241022517306,-0.2688268711786179,0.2688268711786179,0.0,0.0,0.0,0.0,0.0,0.147568058824955,0.9862447624814591,0.9944370623761988,0.0,0.0,0.0,0.19722425952744246,0.09426853258485375,0.8654146421355293,0.0,0.0,13062.5,0.0,1000.0,1000.0,0.0,0.04022354394055468,2781.25,0.0,1.7847284616573864,0
L08436_E17,L08436,8436,legit,test,17,98,-1.9375,-15.271999917924404,-0.16099997982382774,0.33407817819882724,0.02480865438090046,-19.77199935913086,-3.562999963760376,0.14800000190734863,0.03799999877810478,0.15280052510286463,0.0031743223196288584,-0.014451881178862647,20.09046857092257,-0.2687724515947352,0.2687724515947352,0.0,0.0,0.0,0.0,0.0,0.10375969821066294,0.6790532829701493,0.9949136494685923,0.0,0.0,0.0,0.19722425952744246,0.08489146531122724,0.8780418154414746,0.0,0.0,13093.75,0.0,1000.0,1000.0,0.0,0.0410685717368598,2812.5,0.0,1.7475392324894548,0
L08436_E17,L08436,8436,legit,test,17,99,-1.90625,-15.249999918043613,-0.14499997906386852,0.3347810634652188,0.02531984369259899,-19.36400032043457,-3.569000005722046,0.02199999988079071,0.01600000075995922,0.027202941368048548,-0.12559758373481608,-0.12877190605444494,19.690156663943384,-0.40031190697918717,0.40031190697918717,0.0,0.0,0.0,0.0,0.0,0.3774683383345384,13.876011907223281,0.994813693935869,0.0,0.0,0.0,0.19722425952744246,0.13907397427803075,0.9027707617564988,0.0,0.0,13125.0,0.0,1000.0,1000.0,0.0,0.010889661334486532,2843.75,0.0,14.193977208090265,0
L08436_E17,L08436,8436,legit,test,17,100,-1.875,-15.66199991852045,-0.1999999787658453,0.3216179392989619,0.023562630526620085,-18.520000457763672,-3.510999917984009,-0.41200000047683716,-0.054999999701976776,0.4156549053723909,0.38845196400434234,0.5140495477391585,18.849868365048344,-0.8402882988950395,0.8402882988950395,0.0,0.0,0.0,0.0,0.0,2.645507075347846,6.364671849542351,0.7807959764736753,0.0,0.0,0.0,0.3154576453284807,0.7641560317696647,0.8549337259672793,0.0,0.0,13156.25,0.0,1000.0,1000.0,0.0,0.34926995336274497,2875.0,0.0,2.016748844332027,0
L08436_E17,L08436,8436,legit,test,17,101,-1.84375,-17.424999929964542,-0.5189999844878912,0.26529126932592234,0.013370793925901372,-16.323999404907227,-3.190000057220459,-1.7630000114440918,-0.3190000057220459,1.7916277637954077,1.3759728584230166,0.9875208944186743,16.632770573072847,-2.2170977919754975,2.2170977919754975,0.0,0.0,0.0,0.0,0.0,0.046294301328288594,0.025839240864529885,0.13981453244726236,0.0,0.0,0.0,0.3829449514269722,0.8436627375837528,0.6925148392965869,0.0,0.0,13187.5,0.0,1000.0,1000.0,0.0,3.9722139591527967,2906.25,0.0,1.2367864856011093,0
L08436_E17,L08436,8436,legit,test,17,102,-1.8125,-20.529000021517277,-1.0189999844878912,0.1661205446417156,-0.0026038713059217894,-12.829000473022461,-2.690000057220459,-3.1040000915527344,-0.5,3.144012813008144,1.3523850492127363,-0.023587809210280364,13.107988153971478,-3.524782419101369,3.524782419101369,0.0,0.0,0.0,0.0,0.0,0.01929428440505987,0.006136833897505459,0.4327138685152498,0.0,0.0,0.0,0.42901800937290907,0.8834034329641995,0.9248987816469357,0.0,0.0,13218.75,0.0,1000.0,1000.0,0.0,11.081961088720545,2937.5,0.0,1.1207529598997032,0
L08436_E17,L08436,8436,legit,test,17,103,-1.78125,-23.391000010073185,-1.3709999825805426,0.07468156122039091,-0.013850035568186782,-9.638999938964844,-2.3440001010894775,-2.861999988555908,-0.35199999809265137,2.8835651428659013,-0.2604476701422427,-1.612832719354979,9.919912111368314,-3.1880760426031642,3.1880760426031642,0.0,0.0,0.0,0.0,0.0,0.03733420150253952,0.012947237066901849,0.7005890391014973,0.0,0.0,0.0,0.4595944978287252,0.8861935754768843,0.926797852678217,0.0,0.0,13250.0,0.0,1000.0,1000.0,0.0,9.193024949256351,2968.75,0.0,1.1052189445219864,0
L08436_E17,L08436,8436,legit,test,17,104,-1.75,-25.154000021517277,-1.4809999819844961,0.018354891247351367,-0.017364461900144592,-7.610000133514404,-2.239000082015991,-1.7630000114440918,-0.10999999940395355,1.7664283286396698,-1.1171368142262315,-0.8566891440839888,7.932542051534102,-1.9873700598342117,1.9873700598342117,0.0,0.0,0.0,0.0,0.0,0.06006346262523499,0.034002773648614426,0.8007007866840185,0.0,0.0,0.0,0.4771867614277719,0.917653283915108,0.9070931486443506,0.0,0.0,13281.25,0.0,1000.0,1000.0,0.0,3.510546773181467,3000.0,0.0,1.1244416690796304,0
L08436_E17,L08436,8436,legit,test,17,105,-1.71875,-25.76900003105402,-1.4809999819844961,-0.001293947292483679,-0.017364461900144592,-6.7769999504089355,-2.24399995803833,-0.6150000095367432,0.0,0.6150000095367432,-1.1514283191029266,-0.03429150487669519,7.138855940521474,-0.7936861110126276,0.7936861110126276,0.0,0.0,0.0,0.0,0.0,0.06231286992366349,0.10132173814208796,0.8697954620640527,0.0,0.0,0.0,0.5757988911914931,0.9460769566122762,0.8797657933715262,0.0,0.0,13312.5,0.0,1000.0,1000.0,0.0,0.4881169658419466,3031.25,0.0,1.288451458969151,0
L08436_E17,L08436,8436,legit,test,17,106,-1.6875,-25.78500003181398,-1.464999981224537,-0.0018051366041822083,-0.016853272588446065,-6.554999828338623,-2.265000104904175,-0.01600000075995922,0.01600000075995922,0.022627418072714157,-0.592372591464029,0.5590557276388977,6.9352900606056345,-0.20356587991583996,0.20356587991583996,0.0,0.0,0.0,0.0,0.0,0.7853984758975311,34.71003511640701,0.9153995715096225,0.0,0.0,0.0,0.668659237141258,0.9582504356346139,0.8744151537758131,0.0,0.0,13343.75,0.0,1000.0,1000.0,0.0,0.004606170270195637,3062.5,0.0,8.615663348799233,0
L08436_E17,L08436,8436,legit,test,17,107,-1.65625,-25.582000037655234,-1.5029999800026417,0.004680577293313803,-0.01806734710702589,-6.560999870300293,-2.2309999465942383,0.2029999941587448,-0.03799999877810478,0.2065260214490813,0.18389860337636715,0.7762711948403962,6.929940841001744,-0.005349219603890454,0.005349219603890454,0.0,0.0,0.0,0.0,0.0,2.5412446761774388,12.304719077755434,0.9034150168747193,0.0,0.0,0.0,0.668659237141258,1.167770127773603,0.8754574639511656,0.0,0.0,13375.0,0.0,1000.0,1000.0,0.0,0.001104753042648926,3093.75,0.0,0.025776139139269055,0
L08436_E17,L08436,8436,legit,test,17,108,-1.625,-25.26300003193319,-1.7609999664127827,0.014872413894032516,-0.026310273932459743,-6.688000202178955,-1.9769999980926514,0.3190000057220459,-0.257999986410141,0.41027429439132335,0.20374827294224204,0.01984966956587489,6.9740860115719885,0.044145170570244474,0.0,0.0,0.0,0.0,0.0,0.0,0.49501961636896674,1.2065577179368994,0.8714945262778614,0.0,0.0,0.0,0.668659237141258,1.1530845430672534,0.8724830952076592,0.0,0.0,13406.25,0.0,1000.0,1000.0,0.0,0.0,3125.0,0.0,0.0,0
L08436_E17,L08436,8436,legit,test,17,109,-1.59375,-24.966000040993094,-2.17299996688962,0.024361364752277542,-0.03947339809871666,-6.796999931335449,-1.5779999494552612,0.296999990940094,-0.41200000047683716,0.5078907313697797,0.09761643697845634,-0.1061318359637857,6.977771270760808,0.0036852591888196784,0.0,0.0,0.0,0.0,0.0,0.0,0.26612793117989664,0.5239865875523076,0.8396874123929253,0.0,0.0,0.0,0.7546030579611821,1.1487369572807955,0.8680525186143615,0.0,0.0,13437.5,0.0,1000.0,1000.0,0.0,0.0,3156.25,0.0,0.0,0
L08436_E17,L08436,8436,legit,test,17,110,-1.5625,-24.873000038787723,-2.595999974757433,0.027332652555856804,-0.052987965136210416,-6.706999778747559,-1.1699999570846558,0.09300000220537186,-0.4230000078678131,0.4331027673270735,-0.07478796404270621,-0.17240440102116256,6.808285094772243,-0.16948617598856508,0.16948617598856508,0.0,0.0,0.0,0.0,0.0,0.4081832518496968,0.9424628116990122,0.8141730914069644,0.0,0.0,0.0,0.7842485936239566,1.1379414669910994,0.8620188976278966,0.0,0.0,13468.75,0.0,1000.0,1000.0,0.0,0.07340493184433093,3187.5,0.0,0.3904286928004451,0
L08436_E17,L08436,8436,legit,test,17,111,-1.53125,-24.818000039085746,-2.9809999652206898,0.02908986572183571,-0.06528845706002169,-6.576000213623047,-0.8019999861717224,0.054999999701976776,-0.38499999046325684,0.38890872016956024,-0.04419404715751324,0.030593916885192973,6.62472511032645,-0.18355998444579313,0.18355998444579313,0.0,0.0,0.0,0.0,0.0,0.074517946143148,0.19160780480997938,0.7862823678143587,0.0,0.0,0.0,0.7842485936239566,1.1469719997462369,0.8608893934560773,0.0,0.0,13500.0,0.0,1000.0,1000.0,0.0,0.0713880786251578,3218.75,0.0,0.47077681249593006,0
L08436_E17,L08436,8436,legit,test,17,112,-1.5,-24.76300003938377,-3.2449999637901783,0.030847078887814613,-0.07372308025672043,-6.439000129699707,-0.5550000071525574,0.054999999701976776,-0.2639999985694885,0.26966831332566193,-0.1192404068438983,-0.07504635968638507,6.462874567730073,-0.161850542596377,0.161850542596377,0.0,0.0,0.0,0.0,0.0,0.06349834272488653,0.2354683126904994,0.7351596431590214,0.0,0.0,0.0,0.7546030579611821,0.8802345724027225,0.9038188592581609,0.0,0.0,13531.25,0.0,1000.0,1000.0,0.0,0.04364596283280819,3250.0,0.0,0.5979663471048497,0
L08436_E17,L08436,8436,legit,test,17,113,-1.46875,-24.76300003938377,-3.354999963194132,0.030847078887814613,-0.07723750658867824,-6.245999813079834,-0.48100000619888306,0.0,-0.10999999940395355,0.10999999940395355,-0.15966831392170838,-0.04042790707781008,6.264493169519514,-0.1983813982105591,0.1983813982105591,0.0,0.0,0.0,0.0,0.0,0.20539533458380713,1.8672303245160284,0.6351024211127455,0.0,0.0,0.0,0.668659237141258,0.815023462469797,0.955894598464414,0.0,0.0,13562.5,0.0,1000.0,1000.0,0.0,0.021821953684916975,3281.25,0.0,1.787219813295722,0
L08436_E17,L08436,8436,legit,test,17,114,-1.4375,-24.74700003862381,-3.370999963954091,0.031358268199513144,-0.07774869590037678,-6.071000099182129,-0.531000018119812,0.01600000075995922,-0.01600000075995922,0.022627418072714157,-0.0873725813312394,0.07229573259046898,6.094177813578519,-0.17031535594099445,0.17031535594099445,0.0,0.0,0.0,0.0,0.0,0.7853983849882444,34.710031098746384,0.5083779074778387,0.0,0.0,0.0,0.6890104983858615,0.8114812608934922,0.9469033729437886,0.0,0.0,13593.75,0.0,1000.0,1000.0,0.0,0.0038537967630800024,3312.5,0.0,7.208377801452674,0
L08436_E17,L08436,8436,legit,test,17,115,-1.40625,-24.74700003862381,-3.370999963954091,0.031358268199513144,-0.07774869590037678,-5.881999969482422,-0.5339999794960022,0.0,0.0,0.0,-0.022627418072714157,0.06474516325852525,5.906189940993512,-0.1879878725850075,0.1879878725850075,0.0,0.0,0.0,0.0,0.0,0.7853978508975608,7853.978508975607,0.647327810116016,0.002696860071168847,0.0,0.0,0.7662750816676837,0.7762106819014486,0.8048522337640158,0.0,0.0,13625.0,0.0,1000.0,1000.0,0.0,0.0,3343.75,0.0,187.9878725850075,0
L08436_E17,L08436,8436,legit,test,17,116,-1.375,-24.74700003862381,-3.370999963954091,0.031358268199513144,-0.07774869590037678,-5.697000026702881,-0.5360000133514404,0.0,0.0,0.0,0.0,0.022627418072714157,5.722159148308038,-0.18403079268547362,0.18403079268547362,0.0,0.0,0.0,0.0,0.0,0.0,0.0,0.9059708456428347,0.011774096017438685,0.0,0.0,0.7842485936239567,0.7291853535437097,0.7301389242426726,0.0,0.0,13656.25,0.0,1000.0,1000.0,0.0,0.0,3375.0,0.0,184.0307926854736,0
L08436_E17,L08436,8436,legit,test,17,117,-1.34375,-24.74700003862381,-3.370999963954091,0.031358268199513144,-0.07774869590037678,-5.515999794006348,-0.5389999747276306,0.0,0.0,0.0,0.0,0.0,5.542271619131857,-0.179887529176181,0.179887529176181,0.0,0.0,0.0,0.0,0.0,0.0,0.0,0.9239333900328585,0.021331255669184975,0.0,0.0,0.7662750816676837,0.7058412296866946,0.9094189352865714,0.0,0.0,13687.5,0.0,1000.0,1000.0,0.0,0.0,3406.25,0.0,179.887529176181,0
L08436_E17,L08436,8436,legit,test,17,118,-1.3125,-24.74700003862381,-3.370999963954091,0.031358268199513144,-0.07774869590037678,-5.339000225067139,-0.5419999957084656,0.0,0.0,0.0,0.0,0.0,5.366440850192513,-0.17583076893934457,0.17583076893934457,0.0,0.0,0.0,0.0,0.0,0.0,0.0,0.9550323186844977,0.029578339771055225,0.0,0.0,0.6890104983858615,0.7114499996412482,0.9383685634332348,0.0,0.0,13718.75,0.0,1000.0,1000.0,0.0,0.0,3437.5,0.0,175.83076893934458,0
L08436_E17,L08436,8436,legit,test,17,119,-1.28125,-24.76300003938377,-3.244999961927533,0.030847078887814613,-0.07372308019721018,-5.150000095367432,-0.6710000038146973,-0.01600000075995922,0.12600000202655792,0.12701181258060723,0.12701181258060723,0.12701181258060723,5.193528856895269,-0.1729119932972436,0.1729119932972436,0.0,0.0,0.0,0.0,0.0,1.6971043696782424,13.361783720716417,0.8422761628953288,0.05903522980106019,0.0,0.0,0.6413914507668137,0.5027216826201548,0.9556857194645217,0.0,0.0,13750.0,0.0,1000.0,1000.0,0.0,0.02196186568560872,3468.75,0.0,1.3507502925822832,0
L08436_E17,L08436,8436,legit,test,17,120,-1.25,-24.840000038966537,-3.112999962642789,0.028386980455444147,-0.06950576859886079,-4.9039998054504395,-0.8050000071525574,-0.07699999958276749,0.13199999928474426,0.15281688305589367,0.025805070475286435,-0.1012067421053208,4.969631686893262,-0.22389717000200715,0.22389717000200715,0.0,0.0,0.0,0.0,0.0,0.4017663490192247,2.629070433744394,0.6305328347423249,0.06405222343380951,0.0,0.0,0.6413914507668137,0.4995699408749764,0.9616765376192336,0.0,0.0,13781.25,0.0,1000.0,1000.0,0.0,0.03421526764474227,3500.0,0.0,1.455608549294604,0
L08436_E17,L08436,8436,legit,test,17,121,-1.21875,-24.895000038668513,-3.0029999632388353,0.026629767289465242,-0.06599134226690298,-4.682000160217285,-0.9179999828338623,-0.054999999701976776,0.10999999940395355,0.12298373809608824,-0.02983314495980542,-0.055638215435091856,4.771147605006332,-0.1984840818869298,0.1984840818869298,0.0,0.0,0.0,0.0,0.0,0.06442685562904016,0.5238648347044298,0.341363807005891,0.056881186769502844,0.0,0.0,0.6413914507668138,0.5067823624372798,0.9417944165273975,0.0,0.0,13812.5,0.0,1000.0,1000.0,0.0,0.024410314343024705,3531.25,0.0,1.6008880272113046,0
L08436_E17,L08436,8436,legit,test,17,122,-1.1875,-25.02100004069507,-2.8769999612122774,0.022604151586298638,-0.06196572656373638,-4.388999938964844,-1.0470000505447388,-0.12600000202655792,0.12600000202655792,0.17819091172499568,0.05520717362890744,0.08504031858871286,4.512153540170601,-0.25899406483573095,0.25899406483573095,0.0,0.0,0.0,0.0,0.0,0.3217505874413775,1.80565094104204,0.2319639093801281,0.059745655025507285,0.0,0.0,0.6117459151040392,0.5079171146383671,0.8884935548925523,0.0,0.0,13843.75,0.0,1000.0,1000.0,0.0,0.04615038854444154,3562.5,0.0,1.445352681910616,0
L08436_E17,L08436,8436,legit,test,17,123,-1.15625,-25.16900004260242,-2.7839999590069056,0.017875650616740468,-0.05899443876015712,-4.074999809265137,-1.1430000066757202,-0.14800000190734863,0.09300000220537186,0.1747941674506743,-0.0033967442743213783,-0.05860391790322882,4.232265641564999,-0.2798878986056019,0.2798878986056019,0.0,0.0,0.0,0.0,0.0,0.2243731446249817,1.283642056811182,0.691441548190965,0.11517393185222934,0.0,0.0,0.6976897359239633,0.5000824199284702,0.8161919967575317,0.0,0.0,13875.0,0.0,1000.0,1000.0,0.0,0.04892277221628493,3593.75,0.0,1.5921341570341636,0
L08436_E17,L08436,8436,legit,test,17,124,-1.125,-25.35600004903972,-2.728999959304929,0.011901125614371129,-0.05723722559417821,-3.7279999256134033,-1.2000000476837158,-0.18700000643730164,0.054999999701976776,0.19492050270499586,0.02012633525432156,0.023523079528642937,3.916373776826525,-0.3158918647384743,0.3158918647384743,0.0,0.0,0.0,0.0,0.0,0.27497361304715673,1.4106962029711054,0.8858920346308045,0.16112362146279588,0.0,0.0,0.7273352715867378,0.4863442659333914,0.8888938937748097,0.0,0.0,13906.25,0.0,1000.0,1000.0,0.0,0.06157380107524197,3625.0,0.0,1.6123471529374513,0
L08436_E17,L08436,8436,legit,test,17,125,-1.09375,-25.43300004862249,-2.7129999585449696,0.009441027182000662,-0.056726036282479686,-3.49399995803833,-1.215999960899353,-0.07699999958276749,0.01600000075995922,0.07864477071023152,-0.11627573199476435,-0.1364020672490859,3.699552893483087,-0.2168208833434382,0.2168208833434382,0.0,0.0,0.0,0.0,0.0,0.08117469196126592,1.0321689697634946,0.9234428858403249,0.18276955743525986,0.0,0.0,0.7273352715867379,0.4933581988857207,0.8700499639554354,0.0,0.0,13937.5,0.0,1000.0,1000.0,0.0,0.01705182865573455,3656.25,0.0,2.722349269260743,0
L08436_E17,L08436,8436,legit,test,17,126,-1.0625,-25.471000047400594,-2.690999958664179,0.008226952663420837,-0.056023151016088124,-3.321000099182129,-1.2380000352859497,-0.03799999877810478,0.02199999988079071,0.04390899568301188,-0.03473577502721963,0.08153995696754471,3.5442468517494268,-0.15530604173366003,0.15530604173366003,0.0,0.0,0.0,0.0,0.0,0.3199191439046616,7.285959037055277,0.9254555544342926,0.2021102252662844,0.0,0.0,0.6976897359239633,0.478186592610043,0.8554369575743476,0.0,0.0,13968.75,0.0,1000.0,1000.0,0.0,0.006819332316028942,3687.5,0.0,3.458239031437726,0
L08436_E17,L08436,8436,legit,test,17,127,-1.03125,-25.471000047400594,-2.690999958664179,0.008226952663420837,-0.056023151016088124,-3.200000047683716,-1.2380000352859497,0.0,0.0,0.0,-0.04390899568301188,-0.00917322065579225,3.4311287344755512,-0.11311811727387555,0.11311811727387555,0.0,0.0,0.0,0.0,0.0,2.6167967562385472,26167.96756238547,0.9254555544342926,0.08401855935174248,0.0,0.0,0.6117459151040392,0.7937688318958088,0.8378849690482717,0.0,0.0,14000.0,0.0,1000.0,1000.0,0.0,0.0,3718.75,0.0,113.11811727387555,0
L08436_E17,L08436,8436,legit,test,17,128,-1.0,-25.471000047400594,-2.690999958664179,0.008226952663420837,-0.056023151016088124,-3.0850000381469727,-1.2359999418258667,0.0,0.0,0.0,0.0,0.04390899568301188,3.3233899999188132,-0.10773873455673799,0.10773873455673799,0.0,0.0,0.0,0.0,0.0,0.0,0.0,0.9254555544342926,0.08754230668206614,0.0,0.0,0.5188855691542744,0.7937688318958088,0.8378849690482717,0.0,0.0,14031.25,0.0,1000.0,1000.0,0.0,0.0,3750.0,0.0,107.738734556738,0
L08436_E17,L08436,8436,legit,test,17,129,-0.96875,-25.487000048160553,-2.690999958664179,0.007715763351722306,-0.056023151016088124,-2.9609999656677246,-1.1690000295639038,-0.01600000075995922,0.0,0.01600000075995922,0.01600000075995922,0.01600000075995922,3.183407273002415,-0.13998272691639801,0.13998272691639801,0.0,0.0,0.0,0.0,0.0,3.141592653589793,196.34953152325977,0.9226233421388602,0.0,0.0,0.0,0.5258020942841152,1.0638186901657916,0.8328498183188722,0.0,0.0,14062.5,0.0,1000.0,1000.0,0.0,0.0022397237370435324,3781.25,0.0,8.234277685804868,0
L08436_E17,L08436,8436,legit,test,17,130,-0.9375,-25.54200004786253,-2.657999958842993,0.0059585501857434015,-0.05496882311650078,-2.803999900817871,-1.0950000286102295,-0.054999999701976776,0.032999999821186066,0.06414047049574649,0.04814046973578727,0.03214046897582805,3.0102226672528785,-0.17318460574953676,0.17318460574953676,0.0,0.0,0.0,0.0,0.0,0.5404195804844991,8.425563085327497,0.9503137868981606,0.0,0.0,0.0,0.5188855691542744,1.0377790408901442,0.8922949707777189,0.0,0.0,14093.75,0.0,1000.0,1000.0,0.0,0.011108142095395651,3812.5,0.0,2.6586330192509937,0
L08436_E17,L08436,8436,legit,test,17,131,-0.90625,-25.619000047445297,-2.619999960064888,0.003498451753372934,-0.053754748597920954,-2.630000114440918,-1.0329999923706055,-0.07699999958276749,0.03799999877810478,0.08586617403193272,0.021725703536186233,-0.026414766199601036,2.825595439229918,-0.1846272280229604,0.1846272280229604,0.0,0.0,0.0,0.0,0.0,0.08198021679384347,0.9547440271806672,0.9608578397052551,0.0,0.0,0.0,0.49753802267237535,1.0178195152287424,0.8898415852631936,0.0,0.0,14125.0,0.0,1000.0,1000.0,0.0,0.015853233692452843,3843.75,0.0,2.1254214322261955,0
L08436_E17,L08436,8436,legit,test,17,132,-0.875,-25.69000004976988,-2.5979999601840973,0.0012300492161852338,-0.05305186333152939,-2.4700000286102295,-0.9599999785423279,-0.07100000232458115,0.02199999988079071,0.07433034592173858,-0.011535828110194143,-0.03326153164638038,2.650000018893548,-0.1755954203363701,0.1755954203363701,0.0,0.0,0.0,0.0,0.0,0.1579621662872386,2.125136972368659,0.9796002839255318,0.0,0.0,0.0,0.4595944978287252,1.0253619795598876,0.8867287205339257,0.0,0.0,14156.25,0.0,1000.0,1000.0,0.0,0.013052068335875478,3875.0,0.0,2.331005097451668,0
L08436_E17,L08436,8436,legit,test,17,133,-0.84375,-25.767000049352646,-2.5649999603629112,-0.0012300492161852338,-0.05199753543194205,-2.312999963760376,-0.9070000052452087,-0.07699999958276749,0.032999999821186066,0.08377350371056753,0.009443157788828954,0.020978985899023098,2.4844753655189074,-0.16552465337464062,0.16552465337464062,0.0,0.0,0.0,0.0,0.0,0.10441463590361533,1.2463921321037457,0.9904911541558356,0.0,0.0,0.0,0.42901800937290907,1.0223826192830365,0.8946208056077709,0.0,0.0,14187.5,0.0,1000.0,1000.0,0.0,0.013866580163670861,3906.25,0.0,1.9525517541397426,0
L08436_E17,L08436,8436,legit,test,17,134,-0.8125,-25.800000049173832,-2.5649999603629112,-0.002284377115772577,-0.05199753543194205,-2.190000057220459,-0.8240000009536743,-0.032999999821186066,0.0,0.032999999821186066,-0.05077350388938147,-0.06021666167821042,2.3398880854000836,-0.1445872801188237,0.1445872801188237,0.0,0.0,0.0,0.0,0.0,0.4048918333070324,12.269449560635787,0.9901256148941505,0.0,0.0,0.0,0.3829449514269722,1.0208441313491172,0.8542126979480085,0.0,0.0,14218.75,0.0,1000.0,1000.0,0.0,0.0047713802180669625,3937.5,0.0,4.252567084683587,0
L08436_E17,L08436,8436,legit,test,17,135,-0.78125,-25.800000049173832,-2.5429999604821205,-0.002284377115772577,-0.05129465016555049,-2.0910000801086426,-0.7649999856948853,0.0,0.02199999988079071,0.02199999988079071,-0.010999999940395355,0.039773503948986114,2.2265458255170776,-0.11334225988300606,0.11334225988300606,0.0,0.0,0.0,0.0,0.0,1.5707967813403536,71.39985408417634,0.9595770268735879,0.0,0.0,0.0,0.4305639990460199,1.0402220513270743,0.7913885746324316,0.0,0.0,14250.0,0.0,1000.0,1000.0,0.0,0.002493529703914683,3968.75,0.0,4.9279243682808875,0
L08436_E17,L08436,8436,legit,test,17,136,-0.75,-25.838000047951937,-2.5269999597221613,-0.003498451634352403,-0.05078346085385196,-1.9490000009536743,-0.7009999752044678,-0.03799999877810478,0.01600000075995922,0.04123105542494226,0.019231055544151547,0.030231055484546902,2.071231993030739,-0.15531383248633857,0.15531383248633857,0.0,0.0,0.0,0.0,0.0,1.1722742130687427,28.431826471257118,0.9599755192580818,0.0,0.0,0.0,0.3154576453284807,1.0297552676302086,0.7778401296753703,0.0,0.0,14281.25,0.0,1000.0,1000.0,0.0,0.006403753235504423,4000.0,0.0,3.677716100711232,0
L08436_E17,L08436,8436,legit,test,17,137,-0.71875,-25.860000047832727,-2.510999958962202,-0.0042013369007439655,-0.05027227154215343,-1.8209999799728394,-0.640999972820282,-0.02199999988079071,0.01600000075995922,0.027202941368048548,-0.01402811405689371,-0.03325916960104526,1.930523735211946,-0.14070825781879304,0.14070825781879304,1.0,0.0,31.25,0.0,0.0,0.23027395953098706,8.465038997637857,0.9577302052748073,0.0,0.0,0.0,0.3154576453284807,1.020767285489565,0.7889436750387795,0.0,0.0,14312.5,0.0,1000.0,1000.0,0.0,0.003827678487444886,4031.25,0.0,4.989134146773893,0
L08436_E17,L08436,8436,legit,test,17,138,-0.6875,-25.860000047832727,-2.4889999590814114,-0.0042013369007439655,-0.049569386275761865,-1.7139999866485596,-0.5879999995231628,0.0,0.02199999988079071,0.02199999988079071,-0.005202941487257837,0.008825172569635872,1.8120540702944,-0.11846966491754607,0.11846966491754607,1.0,0.0,62.5,0.0,0.0,0.9420002535377556,42.81819357464009,0.933501866586804,0.0,0.0,0.0,0.3829449514269722,1.0065291906528613,0.8278146189911466,0.0,0.0,14343.75,0.0,1000.0,1000.0,0.0,0.002606332614063329,4062.5,0.0,5.150855023111992,0
L08436_E17,L08436,8436,legit,test,17,139,-0.65625,-25.893000047653913,-2.4509999603033066,-0.005255664800331308,-0.04835531175718204,-1.5740000009536743,-0.5529999732971191,-0.032999999821186066,0.03799999877810478,0.050328917088829216,0.028328917208038505,0.033531858695296346,1.6683180072962052,-0.14373606299819475,0.14373606299819475,1.0,0.0,93.75,0.0,0.0,0.7150920170408467,14.20837280839419,0.9338291915721535,0.09275507486314706,0.0,0.0,0.4946105689482297,0.8648966065479997,0.7719736786151109,0.0,0.0,14375.0,0.0,1000.0,1000.0,0.0,0.007234080397310876,4093.75,0.0,2.8002940866538606,0
L08436_E17,L08436,8436,legit,test,17,140,-0.625,-25.93100004643202,-2.4509999603033066,-0.006469739318911134,-0.04835531175718204,-1.4290000200271606,-0.4860000014305115,-0.03799999877810478,0.0,0.03799999877810478,-0.012328918310724434,-0.04065783551876294,1.5093830059425217,-0.15893500135368344,0.15893500135368344,1.0,0.0,125.0,0.0,0.0,0.855704764299507,22.518547153021373,0.9314237827726394,0.11799711394604782,0.0,0.0,0.4946105689482297,0.8341988173117156,0.7133011216663736,0.0,0.0,14406.25,0.0,1000.0,1000.0,0.0,0.006039529857238052,4125.0,0.0,4.075256572646666,0
L08436_E17,L08436,8436,legit,test,17,141,-0.59375,-25.93100004643202,-2.4349999595433474,-0.006469739318911134,-0.04784412244548351,-1.3229999542236328,-0.5009999871253967,0.0,0.01600000075995922,0.01600000075995922,-0.02199999801814556,-0.009671079707421128,1.4146836628643813,-0.09469934307814043,0.09469934307814043,1.0,0.0,156.25,0.0,0.0,1.5707969517948668,98.17480482412616,0.9081549144088388,0.34294105859524043,0.0,0.0,0.47663705699195663,0.5218059877265853,0.7883756634133112,0.0,0.0,14437.5,0.0,1000.0,1000.0,0.0,0.0015151895612178859,4156.25,0.0,5.570549343808828,0
L08436_E17,L08436,8436,legit,test,17,142,-0.5625,-25.93100004643202,-2.4349999595433474,-0.006469739318911134,-0.04784412244548351,-1.218000054359436,-0.5,0.0,0.0,0.0,-0.01600000075995922,0.00599999725818634,1.3166336363695061,-0.09805002649487515,0.09805002649487515,1.0,0.0,187.5,0.0,0.0,1.5707957017949263,15707.957017949262,0.8893208418009366,0.3102267589297792,0.0,0.0,0.47663705699195663,0.5717503677537534,0.8204823060647144,0.0,0.0,14468.75,0.0,1000.0,1000.0,0.0,0.0,4187.5,0.0,98.05002649487515,0
L08436_E17,L08436,8436,legit,test,17,143,-0.53125,-25.947000047191978,-2.4349999595433474,-0.006980928630609664,-0.04784412244548351,-1.0959999561309814,-0.49900001287460327,-0.01600000075995922,0.0,0.01600000075995922,0.01600000075995922,0.03200000151991844,1.2042495242631268,-0.11238411210637933,0.11238411210637933,1.0,0.0,218.75,0.0,0.0,3.141592653589793,196.34953152325977,0.8706733789236584,0.12416627455937151,0.0,0.0,0.47663705699195663,0.8300575604631073,0.7744199179256799,0.0,0.0,14500.0,0.0,1000.0,1000.0,0.0,0.0017981458791094115,4218.75,0.0,6.610829828377543,0
L08436_E17,L08436,8436,legit,test,17,144,-0.5,-25.947000047191978,-2.4349999595433474,-0.006980928630609664,-0.04784412244548351,-0.9919999837875366,-0.4970000088214874,0.0,0.0,0.0,-0.01600000075995922,-0.03200000151991844,1.109537280402525,-0.09471224386060184,0.09471224386060184,1.0,0.0,250.0,0.0,0.0,3.141592653589793,31415.92653589793,0.8354665769442681,0.0245264265206649,0.0,0.0,0.5368590811105475,0.9663055627930999,0.6834702025835024,0.0,0.0,14531.25,0.0,1000.0,1000.0,0.0,0.0,4250.0,0.0,94.71224386060184,0
L08436_E17,L08436,8436,legit,test,17,145,-0.46875,-25.947000047191978,-2.4349999595433474,-0.006980928630609664,-0.04784412244548351,-0.8880000114440918,-0.4959999918937683,0.0,0.0,0.0,0.0,0.01600000075995922,1.0171332323168512,-0.09240404808567382,0.09240404808567382,1.0,0.0,281.25,0.0,0.0,0.0,0.0,0.843077177641243,0.017991735125842633,0.0,0.0,0.5748026059541975,0.9758749285989469,0.745801962128434,0.0,0.0,14562.5,0.0,1000.0,1000.0,0.0,0.0,4281.25,0.0,92.40404808567382,0
L08436_E17,L08436,8436,legit,test,17,146,-0.4375,-25.947000047191978,-2.4349999595433474,-0.006980928630609664,-0.04784412244548351,-0.7839999794960022,-0.4950000047683716,0.0,0.0,0.0,0.0,0.0,0.9271898255321936,-0.08994340678465751,0.08994340678465751,1.0,0.0,312.5,0.0,0.0,0.0,0.0,0.8654695307018354,0.0,0.0,0.0,0.5961501524360966,1.0118757586289475,0.7834237497375645,0.0,0.0,14593.75,0.0,1000.0,1000.0,0.0,0.0,4312.5,0.0,89.94340678465751,0
L08436_E17,L08436,8436,legit,test,17,147,-0.40625,-25.947000047191978,-2.4349999595433474,-0.006980928630609664,-0.04784412244548351,-0.6809999942779541,-0.49399998784065247,0.0,0.0,0.0,0.0,0.0,0.8413067099418251,-0.08588311559036854,0.08588311559036854,1.0,0.0,343.75,0.0,0.0,0.0,0.0,0.8413515948670875,0.0,0.0,0.0,0.6030666775659373,1.0611306693908373,0.8245485085597193,0.0,0.0,14625.0,0.0,1000.0,1000.0,0.0,0.0,4343.75,0.0,85.88311559036853,0
L08436_E17,L08436,8436,legit,test,17,148,-0.375,-25.947000047191978,-2.4349999595433474,-0.006980928630609664,-0.04784412244548351,-0.578000009059906,-0.49300000071525574,0.0,0.0,0.0,0.0,0.0,0.7596927083883941,-0.08161400155343101,0.08161400155343101,1.0,0.0,375.0,0.0,0.0,0.0,0.0,0.8116450422955698,0.0,0.0,0.0,0.5961501524360966,1.1042078932084942,0.8261857218869478,0.0,0.0,14656.25,0.0,1000.0,1000.0,0.0,0.0,4375.0,0.0,81.61400155343101,0
L08436_E17,L08436,8436,legit,test,17,149,-0.34375,-25.947000047191978,-2.4349999595433474,-0.006980928630609664,-0.04784412244548351,-0.4749999940395355,-0.492000013589859,0.0,0.0,0.0,0.0,0.0,0.6838779187179392,-0.07581478967045485,0.07581478967045485,1.0,1.0,406.25,1.0,31.25,0.0,0.0,0.8509699117298755,0.0,0.0,0.0,0.563130582247696,1.1196094209683864,0.8284901413511385,0.0,0.0,14687.5,0.0,1000.0,1000.0,0.0,0.0,4406.25,0.0,75.81478967045486,0
L08436_E17,L08436,8436,legit,test,17,150,-0.3125,-25.947000047191978,-2.4349999595433474,-0.006980928630609664,-0.04784412244548351,-0.37299999594688416,-0.49000000953674316,0.0,0.0,0.0,0.0,0.0,0.6158157243221254,-0.06806219439581385,0.06806219439581385,1.0,1.0,437.5,1.0,62.5,0.0,0.0,0.8045787270646276,0.0,0.0,0.0,0.5368590811105475,1.152097613163286,0.900780963350426,0.0,0.0,14718.75,0.0,1000.0,1000.0,0.0,0.0,4437.5,0.0,68.06219439581385,0
L08436_E17,L08436,8436,legit,test,17,151,-0.28125,-25.947000047191978,-2.4349999595433474,-0.006980928630609664,-0.04784412244548351,-0.2709999978542328,-0.48899999260902405,0.0,0.0,0.0,0.0,0.0,0.5590724386057855,-0.05674328571633991,0.05674328571633991,1.0,1.0,468.75,1.0,93.75,0.0,0.0,0.7071067811865475,0.0,0.0,0.0,0.4946105689482297,1.1791404154767657,0.7541647339845055,0.0,0.0,14750.0,0.0,1000.0,1000.0,0.0,0.0,4468.75,0.0,56.743285716339905,0
L08436_E17,L08436,8436,legit,test,17,152,-0.25,-25.947000047191978,-2.4349999595433474,-0.006980928630609664,-0.04784412244548351,-0.16899999976158142,-0.4880000054836273,0.0,0.0,0.0,0.0,0.0,0.5164348993546377,-0.04263753925114777,0.04263753925114777,1.0,1.0,500.0,1.0,125.0,0.0,0.0,1.0,0.0,0.0,0.0,0.4305639990460199,1.2021839570906603,0.42546440075000697,0.0,0.0,14781.25,0.0,1000.0,1000.0,0.0,0.0,4500.0,0.0,42.63753925114777,0
L08436_E17,L08436,8436,legit,test,17,153,-0.21875,-25.947000047191978,-2.4349999595433474,-0.006980928630609664,-0.04784412244548351,-0.06700000166893005,-0.4860000014305115,0.0,0.0,0.0,0.0,0.0,0.49059657725476824,-0.02583832209986947,0.02583832209986947,1.0,1.0,531.25,1.0,156.25,0.0,0.0,1.0,0.0,0.0,0.0,0.3154576453284807,1.1945996537584178,0.44999999999999996,0.0,0.0,14812.5,0.0,1000.0,1000.0,0.0,0.0,4531.25,0.0,25.83832209986947,0
L08436_E17,L08436,8436,legit,test,17,154,-0.1875,-25.947000047191978,-2.4349999595433474,-0.006980928630609664,-0.04784412244548351,0.03400000184774399,-0.48500001430511475,0.0,0.0,0.0,0.0,0.0,0.4861903063632677,-0.00440627089150053,0.00440627089150053,1.0,1.0,562.5,1.0,187.5,0.0,0.0,0.5,0.0,0.0,0.0,0.2448433071464901,1.1721823582179791,0.5,0.0,0.0,14843.75,0.0,1000.0,1000.0,0.0,0.0,4562.5,0.0,4.4062708915005295,0
L08436_E17,L08436,8436,legit,test,17,155,-0.15625,-25.947000047191978,-2.4349999595433474,-0.006980928630609664,-0.04784412244548351,0.13500000536441803,-0.48399999737739563,0.0,0.0,0.0,0.0,0.0,0.5024748739088472,0.016284567545579443,0.0,1.0,1.0,593.75,1.0,218.75,0.0,0.0,0.5,0.08145868128617521,0.0,0.0,0.1237441088802919,0.8682903396745261,0.5,0.0,0.0,14875.0,0.0,1000.0,1000.0,0.0,0.0,4593.75,0.0,0.0,0
L08436_E17,L08436,8436,legit,test,17,156,-0.125,-25.947000047191978,-2.4349999595433474,-0.006980928630609664,-0.04784412244548351,0.210999995470047,-0.48100000619888306,0.0,0.0,0.0,0.0,0.0,0.5252447087326871,0.022769834823839985,0.0,1.0,1.0,625.0,1.0,250.0,0.0,0.0,0.5,0.6159099702675727,0.0,0.0,0.1237441088802919,0.0,0.5,0.0,0.0,14906.25,0.0,1000.0,1000.0,0.0,0.0,4625.0,0.0,0.0,0
L08436_E17,L08436,8436,legit,test,17,157,-0.09375,-25.947000047191978,-2.4349999595433474,-0.006980928630609664,-0.04784412244548351,0.33799999952316284,-0.47999998927116394,0.0,0.0,0.0,0.0,0.0,0.5870638716340629,0.06181916290137579,0.0,1.0,1.0,656.25,1.0,281.25,0.0,0.0,0.5,0.6089553144411679,0.0,0.0,-0.0,0.0,0.5,0.0,0.0,14937.5,0.0,1000.0,1000.0,0.0,0.0,4656.25,0.0,0.0,0
L08436_E17,L08436,8436,legit,test,17,158,-0.0625,-25.947000047191978,-2.4349999595433474,-0.006980928630609664,-0.04784412244548351,0.4390000104904175,-0.4779999852180481,0.0,0.0,0.0,0.0,0.0,0.6490030778656145,0.06193920623155158,0.0,1.0,1.0,687.5,1.0,312.5,0.0,0.0,0.5,0.6019871537401184,0.0,0.0,-0.0,0.0,0.5,0.0,0.0,14968.75,0.0,1000.0,1000.0,0.0,0.0,4687.5,0.0,0.0,0
L08436_E17,L08436,8436,legit,test,17,159,-0.03125,-25.947000047191978,-2.4349999595433474,-0.006980928630609664,-0.04784412244548351,0.5370000004768372,-0.47699999809265137,0.0,0.0,0.0,0.0,0.0,0.7182603975526651,0.06925731968705062,0.0,1.0,1.0,718.75,1.0,343.75,0.0,0.0,0.5,0.5941957052753252,0.0,0.0,-0.0,0.0,0.5,0.0,0.0,15000.0,0.0,1000.0,1000.0,0.0,0.0,4718.75,0.0,0.0,0
L08436_E17,L08436,8436,legit,test,17,160,0.0,-25.947000047191978,-2.4349999595433474,-0.006980928630609664,-0.04784412244548351,0.6159999966621399,-0.4790000021457672,0.0,0.0,0.0,0.0,0.0,0.7803185233886233,0.062058125835958156,0.0,1.0,0.0,750.0,0.0,0.0,0.0,0.0,0.5,0.58721416611878,0.0,0.0,-0.0,0.0,0.5,1.0,1.0,0.0,1.1661091744904655,1000.0,31.25,0.0,0.0,4750.0,0.0,0.0,0
L08436_E17,L08436,8436,legit,test,17,161,0.03125,-25.63400005362928,-2.407999958842993,0.003019211598844158,-0.046981490500589196,0.3019999861717224,-0.5049999952316284,0.31299999356269836,0.027000000700354576,0.3141623720436112,0.3141623720436112,0.3141623720436112,0.5884122592465807,-0.1919062641420426,0.1919062641420426,1.0,1.0,781.25,0.0,0.0,0.08604897011570099,0.2738996702754584,1.0,0.822426399362186,0.0,0.0,-0.0,0.05087727852255758,0.5,0.0,0.0,31.25,1.0261760735516097,1000.0,31.25,0.0,0.06028972715289191,4781.25,0.0,0.608912361262109,0
L08436_E17,L08436,8436,legit,test,17,162,0.0625,-24.294000020250678,-1.8589999340474606,0.04583131548655418,-0.029441307283846713,-1.0460000038146973,-1.0540000200271606,1.340000033378601,0.5490000247955322,1.4481025919043675,1.1339402198607562,0.819777847817145,1.4849350323154213,0.8965227730688407,0.0,1.0,0.0,812.5,0.0,0.0,0.3027926890764252,0.20909615849677424,0.9933133961181034,0.500878148836493,0.0,0.0,-0.0,0.18372984927542219,0.9882558490838629,0.0,0.0,62.5,0.9030349447254166,1000.0,31.25,0.0,0.0,4812.5,0.0,0.0,0
L08436_E17,L08436,8436,legit,test,17,163,0.09375,-23.877000024542212,-1.605999942868948,0.059154186152783055,-0.02135812695838481,-1.472000002861023,-1.3079999685287476,0.4169999957084656,0.2529999911785126,0.48774787745021275,-0.9603547144541548,-2.094294934314911,1.9691744275442071,0.4842393952287858,0.0,1.0,0.0,843.75,0.0,0.0,0.15650042394604347,0.3208633623670015,0.9910298289558171,0.4845036597381946,0.0,0.0,-0.0,0.22747284847865454,0.7060540942122393,0.0,0.0,93.75,0.7946707513583666,1000.0,31.25,0.0,0.0,4843.75,0.0,0.0,0
L08436_E17,L08436,8436,legit,test,17,164,0.125,-23.877000024542212,-1.605999942868948,0.059154186152783055,-0.02135812695838481,-1.4900000095367432,-1.3079999685287476,0.0,0.0,0.0,-0.48774787745021275,0.472606837003942,1.9826658684939071,0.013491440949700007,0.0,1.0,0.0,875.0,0.0,0.0,0.5453420831381697,5453.420831381696,0.9910298289558171,0.46058989517711096,0.0,0.0,-0.0,0.3080617882477704,0.6776194303693028,0.0,0.0,125.0,0.6993102611953627,1000.0,31.25,0.0,0.0,4875.0,0.0,0.0,0
L08436_E17,L08436,8436,legit,test,17,165,0.15625,-23.965000024065375,-1.5619999431073666,0.0563426450872168,-0.019952356425601687,-1.4199999570846558,-1.3530000448226929,-0.08799999952316284,0.04399999976158142,0.09838699047687059,0.09838699047687059,0.5861348679270834,1.9613793614216075,-0.02128650707229962,0.02128650707229962,1.0,0.0,906.25,0.0,0.0,2.6779449991344375,27.2184867750781,0.9222217471750945,0.0786863561757393,0.0,0.0,0.1237441088802919,0.8753413442892293,0.673911719360722,0.0,0.0,156.25,0.6153930298519191,1000.0,31.25,0.0,0.002094315368608181,4906.25,0.0,0.21417800227338035,0
L08436_E17,L08436,8436,legit,test,17,166,0.1875,-24.086000023409724,-1.3969999365508556,0.05247677612206321,-0.014680716689623908,-1.3209999799728394,-1.5190000534057617,-0.12099999934434891,0.16500000655651093,0.204611832514596,0.1062248420377254,0.007837851560854814,2.01305790014469,0.0516785387230827,0.0,0.0,0.0,0.0,0.0,0.0,0.4743998982822837,2.318535993017131,0.834664073628069,0.074936313161735,0.0,0.0,0.2448433071464901,0.8703321646722452,0.6659625031891231,0.0,0.0,187.5,0.5415458662696888,1000.0,31.25,0.0,0.0,4937.5,0.0,0.0,0
L08436_E17,L08436,8436,legit,test,17,167,0.21875,-24.130000023171306,-1.1059999279677868,0.051071005589280086,-0.005383461250479526,-1.3009999990463257,-1.8109999895095825,-0.04399999976158142,0.29100000858306885,0.29430767060062385,0.08969583808602785,-0.016529003951697555,2.2298703907452215,0.21681249060053132,0.0,0.0,0.0,0.0,0.0,0.0,0.48268279047840035,1.6400618763803883,0.7906250389877246,0.07159683695829222,0.0,0.0,0.3154576453284807,0.8630694036150062,0.6558288036246649,0.0,0.0,218.75,0.4765603623173262,1000.0,31.25,0.0,0.0,4968.75,0.0,0.0,0
L08436_E17,L08436,8436,legit,test,17,168,0.25,-24.086000023409724,-0.9359999261796474,0.05247677612206321,4.792498547020377e-05,-1.371999979019165,-1.9830000400543213,0.04399999976158142,0.17000000178813934,0.1756018239853634,-0.11870584661526046,-0.2084016847012883,2.4113633283443683,0.18149293759914675,0.0,0.0,0.0,0.0,0.0,0.0,0.40333180107406275,2.296854280441192,0.7905029335209959,0.07389635184128003,0.0,0.0,0.4305639990460199,0.8537630655724207,0.6416518814130557,0.0,0.0,250.0,0.41937311883924705,1000.0,31.25,0.0,0.0,5000.0,0.0,0.0,0
L08436_E17,L08436,8436,legit,test,17,169,0.28125,-23.212999997660518,-0.35399990901350975,0.08036854243949636,0.01864243586375897,-2.2760000228881836,-2.566999912261963,0.8730000257492065,0.5820000171661377,1.0492154521067156,0.8736136281213522,0.9923194747366126,3.4306944856311437,1.0193311572867754,0.0,0.0,0.0,0.0,0.0,0.0,0.7295279110389324,0.6953080128338905,0.8437552660291592,0.04566430444167806,0.0,0.0,0.4305639990460199,0.8633911035761394,0.5908608848376724,0.0,0.0,281.25,0.3690483445785374,1000.0,31.25,0.0,0.0,5031.25,0.0,0.0,0
L08436_E17,L08436,8436,legit,test,17,170,0.3125,-20.032000003382564,0.8600000776350498,0.18199936246153978,0.05742892262005602,-5.500999927520752,-3.7820000648498535,3.180999994277954,1.2139999866485596,3.404784417724424,2.3555689656177083,1.481955337496356,6.6756666103923745,3.244972124761231,0.0,0.0,0.0,0.0,0.0,0.0,0.22342244091120145,0.06562014315741173,0.9055650361164205,0.0,0.0,0.0,0.4305639990460199,0.9433309322067617,0.7409195614123177,0.0,0.0,312.5,0.3247625432291129,1000.0,31.25,0.0,0.0,5062.5,0.0,0.0,0
L08436_E17,L08436,8436,legit,test,17,171,0.34375,-14.263999877497554,2.0300000347197056,0.36628310459779356,0.0948096378914057,-11.368000030517578,-4.955999851226807,5.76800012588501,1.1699999570846558,5.885467301054996,2.480682883330572,0.12511391771286373,12.401345056856043,5.725678446463668,0.0,0.0,0.0,0.0,0.0,0.0,0.16445219351006232,0.02794207920934053,0.9359963477191967,0.0,0.0,0.0,0.4305639990460199,0.9934341772193811,0.9313461589944616,0.0,0.0,343.75,0.28579103804161937,1000.0,31.25,0.0,0.0,5093.75,0.0,0.0,0
L08436_E17,L08436,8436,legit,test,17,172,0.375,-4.359999595209956,3.1999999918043613,0.6827092825286465,0.13219035316275538,-21.42799949645996,-6.13100004196167,9.904000282287598,1.1699999570846558,9.972869270733018,4.087401969678021,1.6067190863474492,22.287851487633848,9.886506430777805,0.0,0.0,0.0,0.0,0.0,0.0,0.08253887460681579,0.00827634177949563,0.955677577048412,0.0,0.0,0.0,0.4305639990460199,1.1119528381188726,0.9780885286229353,0.0,0.0,375.0,0.25149611347662504,1000.0,31.25,0.0,0.0,5125.0,0.0,0.0,0
L08436_E17,L08436,8436,legit,test,17,173,0.40625,5.841000618413091,4.244000021368265,1.008624409413416,0.16554545511134908,-31.83300018310547,-7.178999900817871,10.201000213623047,1.0440000295639038,10.25428405204707,0.2814147813140533,-3.805987188363968,32.63246757806611,10.344616090432265,0.0,0.0,0.0,0.0,0.0,0.0,0.015601267778931824,0.0015214390102463887,0.9660514365885894,0.0,0.0,0.0,0.4305639990460199,1.118154340004504,0.9673487303773289,0.0,0.0,406.25,0.22131657985943004,1000.0,31.25,0.0,0.0,5156.25,0.0,0.0,0
L08436_E17,L08436,8436,legit,test,17,174,0.4375,13.702000679448247,4.623000029474497,1.05,0.17765425161605972,-39.930999755859375,-7.559999942779541,7.861000061035156,0.3790000081062317,7.870131064076332,-2.3841529879707393,-2.6655677692847926,40.640353598821804,8.007886020755691,0.0,0.0,0.0,0.0,0.0,0.0,0.05381242948555296,0.006837551884133532,0.9714890227462686,0.0,0.0,0.0,0.4305639990460199,1.1882208155133194,0.9551708783350101,0.0,0.0,437.5,0.19475859027629844,1000.0,31.25,0.0,0.0,5187.5,0.0,0.0,0
L08436_E17,L08436,8436,legit,test,17,175,0.46875,13.867000686004758,4.623000029474497,1.05,0.17765425161605972,-40.34600067138672,-7.559999942779541,0.16500000655651093,0.0,0.16500000655651093,-7.705131057519821,-5.320978069549081,41.048183508047764,0.40782990922595985,0.0,0.0,0.0,0.0,0.0,0.0,0.04817539196819395,0.29197206093258143,0.9715523314911315,0.0,0.0,0.0,0.4305639990460199,1.574344087252125,0.8642212017675848,0.0,0.0,468.75,0.17138755944314263,1000.0,31.25,0.0,0.0,5218.75,0.0,0.0,0
L08436_E17,L08436,8436,legit,test,17,176,0.5,6.968000518158078,4.244000021368265,1.0446313016428648,0.16554545511134908,-33.67900085449219,-7.183000087738037,-6.89900016784668,-0.3790000081062317,6.909402602402977,6.744402595846466,14.449533653366288,34.436471782360776,-6.6117117256869875,6.6117117256869875,0.0,0.0,0.0,0.0,0.0,3.086712319363617,0.44674083954669375,0.6814486384981089,0.0,1.0,0.0,0.5422296165672774,2.0534024161325397,0.8012084033035887,0.0,0.0,500.0,0.1508210523099655,1000.0,31.25,1.0,45.682978203799955,0.0,1.0,0.9567766317099781,0
L08436_E17,L08436,8436,legit,test,17,177,0.53125,-3.100999725982547,4.079000014811754,0.7229334854042805,0.1602738153753713,-23.847999572753906,-7.0289998054504395,-10.069000244140625,-0.16500000655651093,10.070352075209069,3.1609494728060916,-3.5834531230403748,24.86229920757718,-9.574172574783596,9.574172574783596,0.0,0.0,0.0,0.0,0.0,0.03849487034032517,0.0038225942899345936,0.3869253045527323,0.0,0.0,0.0,0.6024516406858681,1.8886230593509645,0.796095043261666,0.0,0.0,531.25,0.13272252603276966,1000.0,31.25,1.0,96.41528865688174,0.0,1.0,0.9506342845813825,0
L08436_E17,L08436,8436,legit,test,17,178,0.5625,-14.724999321624637,4.832000035792589,0.35155448101382014,0.1843316618848206,-12.45300006866455,-7.800000190734863,-11.62399959564209,0.753000020980835,11.648363646069976,1.578011570860907,-1.5829379019451846,14.694121739172546,-10.168177468404634,10.168177468404634,0.0,0.0,0.0,0.0,0.0,0.08107484712873284,0.00696019197134926,0.1650114439640195,0.0,0.0,1.0,0.6583686774857912,1.894727564837854,0.8066118867222938,0.0,0.0,562.5,0.11679582290883729,1000.0,31.25,1.0,118.44262876975239,0.0,1.0,0.8728526104372204,0
L08436_E17,L08436,8436,legit,test,17,179,0.59375,-23.584998978301883,6.337000031024218,0.06848342407484581,0.23241540408026204,-3.802000045776367,-9.329999923706055,-8.859999656677246,1.5049999952316284,8.986913758458357,-2.661449887611619,-4.239461458472526,10.074924462468118,-4.619197276704428,4.619197276704428,0.0,0.0,0.0,0.0,0.0,0.10356914111744908,0.011524439190258308,0.09565131104091348,0.0,0.0,0.0,0.6583686774857912,1.9440126251355354,0.7755655750606882,0.0,0.0,593.75,0.10278032415977682,1000.0,31.25,1.0,41.5123275590484,0.0,1.0,0.5139343123266384,0
L08436_E17,L08436,8436,legit,test,17,180,0.625,-28.770998848602176,7.589000005275011,-0.09720579956580522,0.27241596499807735,1.2029999494552612,-10.609000205993652,-5.185999870300293,1.2519999742507935,5.334988152777721,-3.6519256056806357,-0.9904757180690167,10.676989006698598,0.6020645442304797,0.0,0.0,0.0,0.0,0.0,0.0,0.0686279364278013,0.01286374673429582,0.12042427865896982,0.0,0.0,0.0,0.6403951655295181,2.013689182824518,0.6851460990258038,0.0,0.0,625.0,0.09044668526060361,1000.0,31.25,0.0,0.0,31.25,0.0,0.0,0
L08436_E17,L08436,8436,legit,test,17,181,0.65625,-31.484998835250735,8.55000003054738,-0.18391628201757174,0.3031192723810767,3.7639999389648438,-11.588000297546387,-2.7139999866485596,0.9610000252723694,2.879117395331749,-2.455870757445972,1.1960548482346636,12.18398319255499,1.5069941858563922,0.0,0.0,0.0,0.0,0.0,0.0,0.10342728019890046,0.035923259109405976,0.17248971093730622,0.0,0.0,0.0,0.563130582247696,2.0178261598178815,0.6405845225427267,0.0,0.0,656.25,0.07959308302933117,1000.0,31.25,0.0,0.0,62.5,0.0,0.0,0
L08436_E17,L08436,8436,legit,test,17,182,0.6875,-32.0729988347739,9.094000060111284,-0.20270248831496115,0.32049970909784725,4.2270002365112305,-12.152999877929688,-0.5879999995231628,0.5440000295639038,0.8010493315675182,-2.078068063764231,0.37780269368174135,12.867126214987751,0.6831430224327608,0.0,0.0,0.0,0.0,0.0,0.0,0.40623475751457816,0.5071282647719653,0.255817757588618,0.0,0.0,0.0,0.47718676142777183,2.0028211099508817,0.7032807081371881,0.0,0.0,687.5,0.07004191306581144,1000.0,31.25,0.0,0.0,93.75,0.0,0.0,0
L08436_E17,L08436,8436,legit,test,17,183,0.71875,-31.528998805209994,9.385000068694353,-0.18532205159819062,0.32979696453699164,3.5829999446868896,-12.465999603271484,0.5440000295639038,0.29100000858306885,0.6169416805184055,-0.18410765104911275,1.893960412715118,12.970699083410695,0.103572868422944,0.0,0.0,0.0,0.0,0.0,0.0,1.9038473356272922,3.0859437702888255,0.42516908148386856,0.0,1.0,0.0,0.47718676142777183,2.0224401871164766,0.785698325766456,0.0,0.0,718.75,0.06163688349791407,1000.0,31.25,0.0,0.0,125.0,0.0,0.0,0
L08436_E17,L08436,8436,legit,test,17,184,0.75,-30.105998827144504,9.764000076800585,-0.13985815504921478,0.3419057610417023,2.078000068664551,-12.866999626159668,1.4229999780654907,0.3790000081062317,1.4726065135394828,0.8556648330210773,1.03977248407019,13.033716418004609,0.06301733459391379,0.0,0.0,0.0,0.0,0.0,0.0,0.23090061862797195,0.1567972275723478,0.6407971047756702,0.0,0.0,0.0,0.47718676142777183,2.0237628775236547,0.7920531143792167,0.0,0.0,750.0,0.05424045747816438,1000.0,31.25,0.0,0.0,156.25,0.0,0.0,0
L08436_E17,L08436,8436,legit,test,17,185,0.78125,-27.974998785182834,10.225000072270632,-0.07177413049053723,0.35663440224071424,-0.12099999934434891,-13.348999977111816,2.13100004196167,0.460999995470047,2.1802940569253546,0.7076875433858718,-0.1479772896352055,13.34954835898101,0.3158319409764019,0.0,0.0,0.0,0.0,0.0,0.0,0.04724881367604433,0.02167084459362995,0.8234952612715143,0.0,0.0,0.0,0.47718676142777183,2.0182265845835268,0.7895807765246647,0.0,0.0,781.25,0.047731602580784654,1000.0,31.25,0.0,0.0,187.5,0.0,0.0,0
L08436_E17,L08436,8436,legit,test,17,186,0.8125,-25.50899870507419,10.555000085383654,0.007012920992232104,0.36717768171266985,-2.6470000743865967,-13.699999809265137,2.4660000801086426,0.33000001311302185,2.4879823961898175,0.30768833926446293,-0.3999992041214089,13.953372501573497,0.6038241425924866,0.0,0.0,0.0,0.0,0.0,0.0,0.08001776682705511,0.0321617094034094,0.7458663406132237,0.0,0.0,0.0,0.47718676142777183,1.778852037342729,0.8649118199296646,0.0,0.0,812.5,0.04200381027109049,1000.0,31.25,0.0,0.0,218.75,0.0,0.0,0
L08436_E17,L08436,8436,legit,test,17,187,0.84375,-22.789998603984714,10.434000086039305,0.09388315375262758,0.3633118127475162,-5.422999858856201,-13.602999687194824,2.7190001010894775,-0.12099999934434891,2.7216911194266555,0.233708723236838,-0.07397961602762493,14.644129470848613,0.6907569692751157,0.0,0.0,0.0,0.0,0.0,0.0,0.1775019311665383,0.06521751491180616,0.6177803120570834,0.0,0.0,1.0,0.575798891191493,1.5114567908832874,0.9312984993297178,0.0,0.0,843.75,0.03696335303855963,1000.0,31.25,0.0,0.0,250.0,0.0,0.0,0
L08436_E17,L08436,8436,legit,test,17,188,0.875,-21.619998646900058,10.181000094860792,0.13126386902397727,0.3552286324220543,-6.616000175476074,-13.373000144958496,1.1699999570846558,-0.2529999911785126,1.1970417265552709,-1.5246493928713847,-1.7583581161082227,14.920073431419814,0.2759439605712011,0.0,0.0,0.0,0.0,0.0,0.0,0.16848810558639002,0.1407537447096757,0.48350752866228164,0.0,0.0,0.0,0.6210401895222104,0.9922127627294755,0.9496860632356148,0.0,0.0,875.0,0.03252775067393247,1000.0,31.25,0.0,0.0,281.25,0.0,0.0,0
L08436_E17,L08436,8436,legit,test,17,189,0.90625,-22.416998637840152,9.846000086516142,0.10580025293390907,0.3445256064501268,-5.797999858856201,-12.590999603271484,-0.796999990940094,-0.33500000834465027,0.8645426485428152,-0.3324990780124557,1.192150314858929,13.861820709159357,-1.0582527222604572,1.0582527222604572,0.0,0.0,0.0,0.0,0.0,2.530726954029475,2.927243622156767,0.310795606550971,0.0,1.0,0.0,0.6413914507668138,1.2313161288101098,0.9661450505444569,0.0,0.0,906.25,0.028624420593060577,1000.0,31.25,0.0,0.9149046113306998,312.5,0.0,1.2226465374549471,0
L08436_E17,L08436,8436,legit,test,17,190,0.9375,-25.800998700782657,9.302000056952238,-0.0023162833660409702,0.3271451697333563,-2.38100004196167,-11.482000350952148,-3.384000062942505,-0.5440000295639038,3.427446930028298,2.562904281485483,2.895403359497939,11.726273630573642,-2.1355470785857147,2.1355470785857147,0.0,0.0,0.0,0.0,0.0,0.23851248390531543,0.06958896484017806,0.15433835253936168,0.0,0.0,0.0,0.6413914507668138,1.2880994920538011,0.8596593080853021,0.0,0.0,937.5,0.02518949012189331,1000.0,31.25,0.0,7.319474278429508,343.75,0.0,0.6228905163680303,0
L08436_E17,L08436,8436,legit,test,17,191,0.96875,-31.6129984986037,9.093000050634146,-0.18800578556127115,0.3204677594645954,3.503000020980835,-10.751999855041504,-5.811999797821045,-0.20900000631809235,5.815756412756025,2.388309482727727,-0.17459479875775585,11.308249644830285,-0.418023985743357,0.418023985743357,0.0,0.0,0.0,0.0,0.0,0.1234482025565038,0.02122650843589974,0.13143256795993896,0.0,0.0,0.0,0.6413914507668138,1.2464640035850412,0.6936839778057187,0.0,0.0,968.75,0.022166751307266114,1000.0,31.25,0.0,2.4311256757727615,375.0,0.0,0.07186547898527074,0
